2026-07-27 11:27:10,046 INFO o.a.j.u.JMeterUtils: Setting Locale to en_EN
2026-07-27 11:27:10,061 INFO o.a.j.JMeter: Loading user properties from: /opt/homebrew/Cellar/jmeter/5.6.3/libexec/bin/user.properties
2026-07-27 11:27:10,061 INFO o.a.j.JMeter: Loading system properties from: /opt/homebrew/Cellar/jmeter/5.6.3/libexec/bin/system.properties
2026-07-27 11:27:10,062 INFO o.a.j.JMeter: Setting JMeter property: host=localhost
2026-07-27 11:27:10,062 INFO o.a.j.JMeter: Setting JMeter property: port=8080
2026-07-27 11:27:10,062 INFO o.a.j.JMeter: Setting JMeter property: ticketId=1
2026-07-27 11:27:10,062 INFO o.a.j.JMeter: Setting JMeter property: threads=1000
2026-07-27 11:27:10,062 INFO o.a.j.JMeter: Setting JMeter property: rampUp=1
2026-07-27 11:27:10,066 INFO o.a.j.JMeter: Copyright (c) 1998-2024 The Apache Software Foundation
2026-07-27 11:27:10,066 INFO o.a.j.JMeter: Version 5.6.3
2026-07-27 11:27:10,066 INFO o.a.j.JMeter: java.version=21.0.12
2026-07-27 11:27:10,066 INFO o.a.j.JMeter: java.vm.name=OpenJDK 64-Bit Server VM
2026-07-27 11:27:10,066 INFO o.a.j.JMeter: os.name=Mac OS X
2026-07-27 11:27:10,066 INFO o.a.j.JMeter: os.arch=aarch64
2026-07-27 11:27:10,066 INFO o.a.j.JMeter: os.version=26.3.1
2026-07-27 11:27:10,066 INFO o.a.j.JMeter: file.encoding=UTF-8
2026-07-27 11:27:10,066 INFO o.a.j.JMeter: java.awt.headless=true
2026-07-27 11:27:10,066 INFO o.a.j.JMeter: Max memory     =1073741824
2026-07-27 11:27:10,066 INFO o.a.j.JMeter: Available Processors =8
2026-07-27 11:27:10,073 INFO o.a.j.JMeter: Default Locale=English (EN)
2026-07-27 11:27:10,073 INFO o.a.j.JMeter: JMeter  Locale=English (EN)
2026-07-27 11:27:10,073 INFO o.a.j.JMeter: JMeterHome=/opt/homebrew/Cellar/jmeter/5.6.3/libexec
2026-07-27 11:27:10,073 INFO o.a.j.JMeter: user.dir  =/Users/lct0807/Workspaces/java/ticket-booking
2026-07-27 11:27:10,073 INFO o.a.j.JMeter: PWD       =/Users/lct0807/Workspaces/java/ticket-booking
2026-07-27 11:27:10,075 INFO o.a.j.JMeter: IP: 192.168.1.15 Name: Tuans-MacBook-Pro.local FullName: 192.168.1.15
2026-07-27 11:27:10,084 INFO o.a.j.JMeter: Setting property 'jmeter.reportgenerator.outputdir' to:'/Users/lct0807/Workspaces/java/ticket-booking/report'
2026-07-27 11:27:10,085 INFO o.a.j.s.FileServer: Default base='/Users/lct0807/Workspaces/java/ticket-booking'
2026-07-27 11:27:10,086 INFO o.a.j.s.FileServer: Set new base='/Users/lct0807/Workspaces/java/ticket-booking/jmeter'
2026-07-27 11:27:10,197 INFO o.a.j.s.SaveService: Testplan (JMX) version: 2.2. Testlog (JTL) version: 2.2
2026-07-27 11:27:10,217 INFO o.a.j.s.SaveService: Using SaveService properties version 5.0
2026-07-27 11:27:10,219 INFO o.a.j.s.SaveService: Using SaveService properties file encoding UTF-8
2026-07-27 11:27:10,220 INFO o.a.j.s.SaveService: Loading file: jmeter/ticket-get-load-test.jmx
2026-07-27 11:27:10,260 INFO o.a.j.p.h.s.HTTPSamplerBase: Parser for text/html is org.apache.jmeter.protocol.http.parser.LagartoBasedHtmlParser
2026-07-27 11:27:10,260 INFO o.a.j.p.h.s.HTTPSamplerBase: Parser for application/xhtml+xml is org.apache.jmeter.protocol.http.parser.LagartoBasedHtmlParser
2026-07-27 11:27:10,260 INFO o.a.j.p.h.s.HTTPSamplerBase: Parser for application/xml is org.apache.jmeter.protocol.http.parser.LagartoBasedHtmlParser
2026-07-27 11:27:10,260 INFO o.a.j.p.h.s.HTTPSamplerBase: Parser for text/xml is org.apache.jmeter.protocol.http.parser.LagartoBasedHtmlParser
2026-07-27 11:27:10,260 INFO o.a.j.p.h.s.HTTPSamplerBase: Parser for text/vnd.wap.wml is org.apache.jmeter.protocol.http.parser.RegexpHTMLParser
2026-07-27 11:27:10,260 INFO o.a.j.p.h.s.HTTPSamplerBase: Parser for text/css is org.apache.jmeter.protocol.http.parser.CssParser
2026-07-27 11:27:10,277 INFO o.a.j.JMeter: Creating summariser <summary>
2026-07-27 11:27:10,280 INFO o.a.j.r.d.ReportGenerator: ReportGenerator will use for Parsing the separator: ','
2026-07-27 11:27:10,280 INFO o.a.j.r.d.ReportGenerator: Will generate report at end of test from  results file: results.jtl
2026-07-27 11:27:10,280 INFO o.a.j.r.d.ReportGenerator: Reading report generator properties from: /opt/homebrew/Cellar/jmeter/5.6.3/libexec/bin/reportgenerator.properties
2026-07-27 11:27:10,281 INFO o.a.j.r.d.ReportGenerator: Merging with JMeter properties
2026-07-27 11:27:10,283 INFO o.a.j.r.c.ReportGeneratorConfiguration: Property 'jmeter.reportgenerator.temp_dir' not found, using default value 'temp' instead.
2026-07-27 11:27:10,284 INFO o.a.j.r.c.ReportGeneratorConfiguration: Property 'jmeter.reportgenerator.apdex_per_transaction' not found, using default value 'null' instead.
2026-07-27 11:27:10,284 INFO o.a.j.r.c.ReportGeneratorConfiguration: apdex_per_transaction is empty, not APDEX per transaction customization
2026-07-27 11:27:10,284 INFO o.a.j.r.c.ReportGeneratorConfiguration: Property 'jmeter.reportgenerator.sample_filter' not found, using default value 'null' instead.
2026-07-27 11:27:10,284 INFO o.a.j.r.c.ReportGeneratorConfiguration: Property 'jmeter.reportgenerator.report_title' not found, using default value 'null' instead.
2026-07-27 11:27:10,284 INFO o.a.j.r.c.ReportGeneratorConfiguration: Property 'jmeter.reportgenerator.start_date' not found, using default value 'null' instead.
2026-07-27 11:27:10,285 INFO o.a.j.r.c.ReportGeneratorConfiguration: Property 'jmeter.reportgenerator.end_date' not found, using default value 'null' instead.
2026-07-27 11:27:10,285 INFO o.a.j.r.c.ReportGeneratorConfiguration: Property 'jmeter.reportgenerator.date_format' not found, using default value 'null' instead.
2026-07-27 11:27:10,285 INFO o.a.j.r.c.ReportGeneratorConfiguration: Will use date range start date: null, end date: null
2026-07-27 11:27:10,287 INFO o.a.j.r.c.ReportGeneratorConfiguration: Property 'jmeter.reportgenerator.graph.totalTPS.exclude_controllers' not found, using default value 'false' instead.
2026-07-27 11:27:10,287 INFO o.a.j.r.c.ReportGeneratorConfiguration: Property 'jmeter.reportgenerator.graph.activeThreadsOverTime.exclude_controllers' not found, using default value 'false' instead.
2026-07-27 11:27:10,288 INFO o.a.j.r.c.ReportGeneratorConfiguration: Property 'jmeter.reportgenerator.graph.timeVsThreads.exclude_controllers' not found, using default value 'false' instead.
2026-07-27 11:27:10,288 INFO o.a.j.r.c.ReportGeneratorConfiguration: Property 'jmeter.reportgenerator.graph.responseTimeDistribution.exclude_controllers' not found, using default value 'false' instead.
2026-07-27 11:27:10,288 INFO o.a.j.r.c.ReportGeneratorConfiguration: Property 'jmeter.reportgenerator.graph.transactionsPerSecond.exclude_controllers' not found, using default value 'false' instead.
2026-07-27 11:27:10,288 INFO o.a.j.r.c.ReportGeneratorConfiguration: Property 'jmeter.reportgenerator.graph.responseTimePercentiles.exclude_controllers' not found, using default value 'false' instead.
2026-07-27 11:27:10,288 INFO o.a.j.r.c.ReportGeneratorConfiguration: Property 'jmeter.reportgenerator.graph.responseTimePercentilesOverTime.exclude_controllers' not found, using default value 'false' instead.
2026-07-27 11:27:10,288 INFO o.a.j.r.c.ReportGeneratorConfiguration: Property 'jmeter.reportgenerator.graph.responseTimesOverTime.exclude_controllers' not found, using default value 'false' instead.
2026-07-27 11:27:10,288 INFO o.a.j.r.c.ReportGeneratorConfiguration: Property 'jmeter.reportgenerator.graph.connectTimeOverTime.exclude_controllers' not found, using default value 'false' instead.
2026-07-27 11:27:10,288 INFO o.a.j.r.c.ReportGeneratorConfiguration: Property 'jmeter.reportgenerator.graph.latenciesOverTime.exclude_controllers' not found, using default value 'false' instead.
2026-07-27 11:27:10,289 INFO o.a.j.r.c.ReportGeneratorConfiguration: Property 'jmeter.reportgenerator.exporter.json.filters_only_sample_series' not found, using default value 'true' instead.
2026-07-27 11:27:10,289 INFO o.a.j.r.c.ReportGeneratorConfiguration: Property 'jmeter.reportgenerator.exporter.json.series_filter' not found, using default value '' instead.
2026-07-27 11:27:10,289 INFO o.a.j.r.c.ReportGeneratorConfiguration: Property 'jmeter.reportgenerator.exporter.json.show_controllers_only' not found, using default value 'false' instead.
2026-07-27 11:27:10,289 INFO o.a.j.r.c.ReportGeneratorConfiguration: Property 'jmeter.reportgenerator.exporter.html.filters_only_sample_series' not found, using default value 'true' instead.
2026-07-27 11:27:10,289 INFO o.a.j.r.c.ReportGeneratorConfiguration: Property 'jmeter.reportgenerator.exporter.html.series_filter' not found, using default value '' instead.
2026-07-27 11:27:10,289 INFO o.a.j.r.c.ReportGeneratorConfiguration: Property 'jmeter.reportgenerator.exporter.html.show_controllers_only' not found, using default value 'false' instead.
2026-07-27 11:27:10,300 INFO o.a.j.e.StandardJMeterEngine: Running the test!
2026-07-27 11:27:10,300 INFO o.a.j.s.SampleEvent: List of sample_variables: []
2026-07-27 11:27:10,300 INFO o.a.j.s.SampleEvent: List of sample_variables: []
2026-07-27 11:27:10,304 INFO o.a.j.e.u.CompoundVariable: Note: Function class names must contain the string: '.functions.'
2026-07-27 11:27:10,304 INFO o.a.j.e.u.CompoundVariable: Note: Function class names must not contain the string: '.gui.'
2026-07-27 11:27:10,341 INFO o.a.j.r.ClassFinder: Will scan jar /opt/homebrew/Cellar/jmeter/5.6.3/libexec/lib/ext/jmeter-plugins-manager-1.9.jar with filter ExtendsClassFilter [parents=[interface org.apache.jmeter.functions.Function], inner=false, contains=null, notContains=null]. Consider exposing JMeter plugins via META-INF/services, and add JMeter-Skip-Class-Scanning=true manifest attribute so JMeter can skip classfile scanning
2026-07-27 11:27:10,397 INFO o.a.j.JMeter: Running test (1785126430397)
2026-07-27 11:27:10,409 INFO o.a.j.e.StandardJMeterEngine: Starting ThreadGroup: 1 : Ticket Readers
2026-07-27 11:27:10,409 INFO o.a.j.e.StandardJMeterEngine: Starting 1000 threads for group Ticket Readers.
2026-07-27 11:27:10,409 INFO o.a.j.e.StandardJMeterEngine: Thread will continue on error
2026-07-27 11:27:10,409 INFO o.a.j.t.ThreadGroup: Starting thread group... number=1 threads=1000 ramp-up=1 delayedStart=false
2026-07-27 11:27:10,412 INFO o.a.j.t.JMeterThread: Thread started: Ticket Readers 1-2
2026-07-27 11:27:10,412 INFO o.a.j.t.JMeterThread: Thread started: Ticket Readers 1-3
2026-07-27 11:27:10,412 INFO o.a.j.t.JMeterThread: Thread started: Ticket Readers 1-1
2026-07-27 11:27:10,414 INFO o.a.j.t.JMeterThread: Thread started: Ticket Readers 1-5
2026-07-27 11:27:10,414 INFO o.a.j.t.JMeterThread: Thread started: Ticket Readers 1-4
2026-07-27 11:27:10,415 INFO o.a.j.t.JMeterThread: Thread started: Ticket Readers 1-6
2026-07-27 11:27:10,416 INFO o.a.j.t.JMeterThread: Thread started: Ticket Readers 1-7
2026-07-27 11:27:10,417 INFO o.a.j.t.JMeterThread: Thread started: Ticket Readers 1-8
2026-07-27 11:27:10,418 INFO o.a.j.t.JMeterThread: Thread started: Ticket Readers 1-9
2026-07-27 11:27:10,420 INFO o.a.j.t.JMeterThread: Thread started: Ticket Readers 1-10
2026-07-27 11:27:10,420 INFO o.a.j.t.JMeterThread: Thread started: Ticket Readers 1-11
2026-07-27 11:27:10,421 INFO o.a.j.t.JMeterThread: Thread started: Ticket Readers 1-12
2026-07-27 11:27:10,422 INFO o.a.j.t.JMeterThread: Thread started: Ticket Readers 1-14
2026-07-27 11:27:10,424 INFO o.a.j.t.JMeterThread: Thread started: Ticket Readers 1-13
2026-07-27 11:27:10,424 INFO o.a.j.t.JMeterThread: Thread started: Ticket Readers 1-15
2026-07-27 11:27:10,426 INFO o.a.j.t.JMeterThread: Thread started: Ticket Readers 1-17
2026-07-27 11:27:10,427 INFO o.a.j.t.JMeterThread: Thread started: Ticket Readers 1-16
2026-07-27 11:27:10,427 INFO o.a.j.t.JMeterThread: Thread started: Ticket Readers 1-18
2026-07-27 11:27:10,429 INFO o.a.j.t.JMeterThread: Thread started: Ticket Readers 1-20
2026-07-27 11:27:10,429 INFO o.a.j.t.JMeterThread: Thread started: Ticket Readers 1-19
2026-07-27 11:27:10,433 INFO o.a.j.t.JMeterThread: Thread started: Ticket Readers 1-21
2026-07-27 11:27:10,434 INFO o.a.j.t.JMeterThread: Thread started: Ticket Readers 1-22
2026-07-27 11:27:10,435 INFO o.a.j.t.JMeterThread: Thread started: Ticket Readers 1-23
2026-07-27 11:27:10,435 INFO o.a.j.t.JMeterThread: Thread started: Ticket Readers 1-24
2026-07-27 11:27:10,436 INFO o.a.j.t.JMeterThread: Thread started: Ticket Readers 1-25
2026-07-27 11:27:10,437 INFO o.a.j.t.JMeterThread: Thread started: Ticket Readers 1-28
2026-07-27 11:27:10,438 INFO o.a.j.t.JMeterThread: Thread started: Ticket Readers 1-26
2026-07-27 11:27:10,439 INFO o.a.j.t.JMeterThread: Thread started: Ticket Readers 1-27
2026-07-27 11:27:10,439 INFO o.a.j.t.JMeterThread: Thread started: Ticket Readers 1-30
2026-07-27 11:27:10,440 INFO o.a.j.t.JMeterThread: Thread started: Ticket Readers 1-31
2026-07-27 11:27:10,443 INFO o.a.j.t.JMeterThread: Thread started: Ticket Readers 1-29
2026-07-27 11:27:10,444 INFO o.a.j.t.JMeterThread: Thread started: Ticket Readers 1-34
2026-07-27 11:27:10,444 INFO o.a.j.t.JMeterThread: Thread started: Ticket Readers 1-35
2026-07-27 11:27:10,445 INFO o.a.j.t.JMeterThread: Thread started: Ticket Readers 1-33
2026-07-27 11:27:10,445 INFO o.a.j.t.JMeterThread: Thread started: Ticket Readers 1-32
2026-07-27 11:27:10,450 INFO o.a.j.t.JMeterThread: Thread started: Ticket Readers 1-38
2026-07-27 11:27:10,450 INFO o.a.j.t.JMeterThread: Thread started: Ticket Readers 1-39
2026-07-27 11:27:10,450 INFO o.a.j.t.JMeterThread: Thread started: Ticket Readers 1-37
2026-07-27 11:27:10,451 INFO o.a.j.t.JMeterThread: Thread started: Ticket Readers 1-42
2026-07-27 11:27:10,450 INFO o.a.j.t.JMeterThread: Thread started: Ticket Readers 1-36
2026-07-27 11:27:10,451 INFO o.a.j.t.JMeterThread: Thread started: Ticket Readers 1-40
2026-07-27 11:27:10,452 INFO o.a.j.t.JMeterThread: Thread started: Ticket Readers 1-41
2026-07-27 11:27:10,453 INFO o.a.j.t.JMeterThread: Thread started: Ticket Readers 1-43
2026-07-27 11:27:10,453 INFO o.a.j.t.JMeterThread: Thread started: Ticket Readers 1-44
2026-07-27 11:27:10,453 INFO o.a.j.t.JMeterThread: Thread started: Ticket Readers 1-45
2026-07-27 11:27:10,454 INFO o.a.j.t.JMeterThread: Thread started: Ticket Readers 1-46
2026-07-27 11:27:10,459 INFO o.a.j.t.JMeterThread: Thread started: Ticket Readers 1-48
2026-07-27 11:27:10,459 INFO o.a.j.t.JMeterThread: Thread started: Ticket Readers 1-47
2026-07-27 11:27:10,461 INFO o.a.j.t.JMeterThread: Thread started: Ticket Readers 1-52
2026-07-27 11:27:10,462 INFO o.a.j.t.JMeterThread: Thread started: Ticket Readers 1-49
2026-07-27 11:27:10,462 INFO o.a.j.t.JMeterThread: Thread started: Ticket Readers 1-50
2026-07-27 11:27:10,462 INFO o.a.j.t.JMeterThread: Thread started: Ticket Readers 1-51
2026-07-27 11:27:10,463 INFO o.a.j.t.JMeterThread: Thread started: Ticket Readers 1-53
2026-07-27 11:27:10,465 INFO o.a.j.t.JMeterThread: Thread started: Ticket Readers 1-56
2026-07-27 11:27:10,465 INFO o.a.j.t.JMeterThread: Thread started: Ticket Readers 1-55
2026-07-27 11:27:10,465 INFO o.a.j.t.JMeterThread: Thread started: Ticket Readers 1-54
2026-07-27 11:27:10,466 INFO o.a.j.p.h.s.HTTPHCAbstractImpl: Local host = Tuans-MacBook-Pro.local
2026-07-27 11:27:10,467 INFO o.a.j.t.JMeterThread: Thread started: Ticket Readers 1-57
2026-07-27 11:27:10,467 INFO o.a.j.t.JMeterThread: Thread started: Ticket Readers 1-58
2026-07-27 11:27:10,470 INFO o.a.j.p.h.s.HTTPHC4Impl: HTTP request retry count = 0
2026-07-27 11:27:10,470 INFO o.a.j.t.JMeterThread: Thread started: Ticket Readers 1-59
2026-07-27 11:27:10,470 INFO o.a.j.t.JMeterThread: Thread started: Ticket Readers 1-62
2026-07-27 11:27:10,471 INFO o.a.j.s.SampleResult: Note: Sample TimeStamps are START times
2026-07-27 11:27:10,472 INFO o.a.j.s.SampleResult: sampleresult.default.encoding is set to UTF-8
2026-07-27 11:27:10,472 INFO o.a.j.s.SampleResult: sampleresult.useNanoTime=true
2026-07-27 11:27:10,472 INFO o.a.j.s.SampleResult: sampleresult.nanoThreadSleep=5000
2026-07-27 11:27:10,474 INFO o.a.j.t.JMeterThread: Thread started: Ticket Readers 1-60
2026-07-27 11:27:10,475 INFO o.a.j.t.JMeterThread: Thread started: Ticket Readers 1-61
2026-07-27 11:27:10,475 INFO o.a.j.t.JMeterThread: Thread started: Ticket Readers 1-64
2026-07-27 11:27:10,475 INFO o.a.j.t.JMeterThread: Thread started: Ticket Readers 1-63
2026-07-27 11:27:10,478 INFO o.a.j.t.JMeterThread: Thread started: Ticket Readers 1-67
2026-07-27 11:27:10,479 INFO o.a.j.t.JMeterThread: Thread started: Ticket Readers 1-65
2026-07-27 11:27:10,479 INFO o.a.j.t.JMeterThread: Thread started: Ticket Readers 1-66
2026-07-27 11:27:10,482 INFO o.a.j.t.JMeterThread: Thread started: Ticket Readers 1-68
2026-07-27 11:27:10,482 INFO o.a.j.t.JMeterThread: Thread started: Ticket Readers 1-69
2026-07-27 11:27:10,483 INFO o.a.j.t.JMeterThread: Thread started: Ticket Readers 1-73
2026-07-27 11:27:10,483 INFO o.a.j.t.JMeterThread: Thread started: Ticket Readers 1-70
2026-07-27 11:27:10,484 INFO o.a.j.t.JMeterThread: Thread started: Ticket Readers 1-71
2026-07-27 11:27:10,484 INFO o.a.j.t.JMeterThread: Thread started: Ticket Readers 1-72
2026-07-27 11:27:10,484 INFO o.a.j.t.JMeterThread: Thread started: Ticket Readers 1-74
2026-07-27 11:27:10,484 INFO o.a.j.t.JMeterThread: Thread started: Ticket Readers 1-75
2026-07-27 11:27:10,485 INFO o.a.j.t.JMeterThread: Thread started: Ticket Readers 1-76
2026-07-27 11:27:10,487 INFO o.a.j.t.JMeterThread: Thread started: Ticket Readers 1-77
2026-07-27 11:27:10,490 INFO o.a.j.t.JMeterThread: Thread started: Ticket Readers 1-81
2026-07-27 11:27:10,490 INFO o.a.j.t.JMeterThread: Thread started: Ticket Readers 1-79
2026-07-27 11:27:10,490 INFO o.a.j.t.JMeterThread: Thread started: Ticket Readers 1-78
2026-07-27 11:27:10,490 INFO o.a.j.t.JMeterThread: Thread started: Ticket Readers 1-80
2026-07-27 11:27:10,492 INFO o.a.j.t.JMeterThread: Thread started: Ticket Readers 1-82
2026-07-27 11:27:10,495 INFO o.a.j.t.JMeterThread: Thread started: Ticket Readers 1-87
2026-07-27 11:27:10,495 INFO o.a.j.t.JMeterThread: Thread started: Ticket Readers 1-83
2026-07-27 11:27:10,497 INFO o.a.j.t.JMeterThread: Thread started: Ticket Readers 1-85
2026-07-27 11:27:10,497 INFO o.a.j.t.JMeterThread: Thread started: Ticket Readers 1-84
2026-07-27 11:27:10,498 INFO o.a.j.t.JMeterThread: Thread started: Ticket Readers 1-86
2026-07-27 11:27:10,498 INFO o.a.j.t.JMeterThread: Thread started: Ticket Readers 1-89
2026-07-27 11:27:10,501 INFO o.a.j.t.JMeterThread: Thread started: Ticket Readers 1-88
2026-07-27 11:27:10,502 INFO o.a.j.t.JMeterThread: Thread started: Ticket Readers 1-93
2026-07-27 11:27:10,502 INFO o.a.j.t.JMeterThread: Thread started: Ticket Readers 1-90
2026-07-27 11:27:10,502 INFO o.a.j.t.JMeterThread: Thread started: Ticket Readers 1-91
2026-07-27 11:27:10,502 INFO o.a.j.t.JMeterThread: Thread started: Ticket Readers 1-92
2026-07-27 11:27:10,504 INFO o.a.j.t.JMeterThread: Thread started: Ticket Readers 1-94
2026-07-27 11:27:10,505 INFO o.a.j.t.JMeterThread: Thread started: Ticket Readers 1-95
2026-07-27 11:27:10,505 INFO o.a.j.t.JMeterThread: Thread started: Ticket Readers 1-96
2026-07-27 11:27:10,508 INFO o.a.j.t.JMeterThread: Thread started: Ticket Readers 1-98
2026-07-27 11:27:10,508 INFO o.a.j.t.JMeterThread: Thread started: Ticket Readers 1-97
2026-07-27 11:27:10,508 INFO o.a.j.t.JMeterThread: Thread started: Ticket Readers 1-99
2026-07-27 11:27:10,509 INFO o.a.j.t.JMeterThread: Thread started: Ticket Readers 1-100
2026-07-27 11:27:10,510 INFO o.a.j.t.JMeterThread: Thread started: Ticket Readers 1-101
2026-07-27 11:27:10,513 INFO o.a.j.t.JMeterThread: Thread started: Ticket Readers 1-103
2026-07-27 11:27:10,515 INFO o.a.j.t.JMeterThread: Thread started: Ticket Readers 1-105
2026-07-27 11:27:10,515 INFO o.a.j.t.JMeterThread: Thread started: Ticket Readers 1-102
2026-07-27 11:27:10,515 INFO o.a.j.t.JMeterThread: Thread started: Ticket Readers 1-104
2026-07-27 11:27:10,515 INFO o.a.j.t.JMeterThread: Thread started: Ticket Readers 1-106
2026-07-27 11:27:10,518 INFO o.a.j.t.JMeterThread: Thread started: Ticket Readers 1-109
2026-07-27 11:27:10,519 INFO o.a.j.t.JMeterThread: Thread started: Ticket Readers 1-108
2026-07-27 11:27:10,520 INFO o.a.j.t.JMeterThread: Thread started: Ticket Readers 1-107
2026-07-27 11:27:10,521 INFO o.a.j.t.JMeterThread: Thread started: Ticket Readers 1-111
2026-07-27 11:27:10,521 INFO o.a.j.t.JMeterThread: Thread started: Ticket Readers 1-110
2026-07-27 11:27:10,522 INFO o.a.j.t.JMeterThread: Thread started: Ticket Readers 1-113
2026-07-27 11:27:10,523 INFO o.a.j.t.JMeterThread: Thread started: Ticket Readers 1-112
2026-07-27 11:27:10,525 INFO o.a.j.t.JMeterThread: Thread started: Ticket Readers 1-115
2026-07-27 11:27:10,525 INFO o.a.j.t.JMeterThread: Thread started: Ticket Readers 1-116
2026-07-27 11:27:10,525 INFO o.a.j.t.JMeterThread: Thread started: Ticket Readers 1-114
2026-07-27 11:27:10,529 INFO o.a.j.t.JMeterThread: Thread started: Ticket Readers 1-118
2026-07-27 11:27:10,529 INFO o.a.j.t.JMeterThread: Thread started: Ticket Readers 1-117
2026-07-27 11:27:10,532 INFO o.a.j.t.JMeterThread: Thread started: Ticket Readers 1-120
2026-07-27 11:27:10,532 INFO o.a.j.t.JMeterThread: Thread started: Ticket Readers 1-119
2026-07-27 11:27:10,533 INFO o.a.j.t.JMeterThread: Thread started: Ticket Readers 1-122
2026-07-27 11:27:10,533 INFO o.a.j.t.JMeterThread: Thread started: Ticket Readers 1-121
2026-07-27 11:27:10,534 INFO o.a.j.t.JMeterThread: Thread started: Ticket Readers 1-123
2026-07-27 11:27:10,537 INFO o.a.j.t.JMeterThread: Thread started: Ticket Readers 1-127
2026-07-27 11:27:10,537 INFO o.a.j.t.JMeterThread: Thread started: Ticket Readers 1-124
2026-07-27 11:27:10,538 INFO o.a.j.t.JMeterThread: Thread started: Ticket Readers 1-129
2026-07-27 11:27:10,538 INFO o.a.j.t.JMeterThread: Thread started: Ticket Readers 1-125
2026-07-27 11:27:10,539 INFO o.a.j.t.JMeterThread: Thread started: Ticket Readers 1-128
2026-07-27 11:27:10,538 INFO o.a.j.t.JMeterThread: Thread started: Ticket Readers 1-126
2026-07-27 11:27:10,544 INFO o.a.j.t.JMeterThread: Thread started: Ticket Readers 1-130
2026-07-27 11:27:10,546 INFO o.a.j.t.JMeterThread: Thread started: Ticket Readers 1-134
2026-07-27 11:27:10,544 INFO o.a.j.t.JMeterThread: Thread started: Ticket Readers 1-131
2026-07-27 11:27:10,547 INFO o.a.j.t.JMeterThread: Thread started: Ticket Readers 1-132
2026-07-27 11:27:10,547 INFO o.a.j.t.JMeterThread: Thread started: Ticket Readers 1-133
2026-07-27 11:27:10,548 INFO o.a.j.t.JMeterThread: Thread started: Ticket Readers 1-135
2026-07-27 11:27:10,548 INFO o.a.j.t.JMeterThread: Thread started: Ticket Readers 1-136
2026-07-27 11:27:10,550 INFO o.a.j.t.JMeterThread: Thread started: Ticket Readers 1-138
2026-07-27 11:27:10,552 INFO o.a.j.t.JMeterThread: Thread started: Ticket Readers 1-137
2026-07-27 11:27:10,552 INFO o.a.j.t.JMeterThread: Thread started: Ticket Readers 1-142
2026-07-27 11:27:10,552 INFO o.a.j.t.JMeterThread: Thread started: Ticket Readers 1-139
2026-07-27 11:27:10,552 INFO o.a.j.t.JMeterThread: Thread started: Ticket Readers 1-141
2026-07-27 11:27:10,554 INFO o.a.j.t.JMeterThread: Thread started: Ticket Readers 1-145
2026-07-27 11:27:10,554 INFO o.a.j.t.JMeterThread: Thread started: Ticket Readers 1-144
2026-07-27 11:27:10,553 INFO o.a.j.t.JMeterThread: Thread started: Ticket Readers 1-143
2026-07-27 11:27:10,555 INFO o.a.j.t.JMeterThread: Thread started: Ticket Readers 1-140
2026-07-27 11:27:10,556 INFO o.a.j.t.JMeterThread: Thread started: Ticket Readers 1-146
2026-07-27 11:27:10,558 INFO o.a.j.t.JMeterThread: Thread started: Ticket Readers 1-147
2026-07-27 11:27:10,562 INFO o.a.j.t.JMeterThread: Thread started: Ticket Readers 1-149
2026-07-27 11:27:10,562 INFO o.a.j.t.JMeterThread: Thread started: Ticket Readers 1-148
2026-07-27 11:27:10,565 INFO o.a.j.t.JMeterThread: Thread started: Ticket Readers 1-150
2026-07-27 11:27:10,565 INFO o.a.j.t.JMeterThread: Thread started: Ticket Readers 1-154
2026-07-27 11:27:10,566 INFO o.a.j.t.JMeterThread: Thread started: Ticket Readers 1-155
2026-07-27 11:27:10,563 INFO o.a.j.t.JMeterThread: Thread started: Ticket Readers 1-151
2026-07-27 11:27:10,566 INFO o.a.j.t.JMeterThread: Thread started: Ticket Readers 1-152
2026-07-27 11:27:10,566 INFO o.a.j.t.JMeterThread: Thread started: Ticket Readers 1-153
2026-07-27 11:27:10,567 INFO o.a.j.t.JMeterThread: Thread started: Ticket Readers 1-158
2026-07-27 11:27:10,569 INFO o.a.j.t.JMeterThread: Thread started: Ticket Readers 1-159
2026-07-27 11:27:10,570 INFO o.a.j.t.JMeterThread: Thread started: Ticket Readers 1-157
2026-07-27 11:27:10,571 INFO o.a.j.t.JMeterThread: Thread started: Ticket Readers 1-156
2026-07-27 11:27:10,571 INFO o.a.j.t.JMeterThread: Thread started: Ticket Readers 1-160
2026-07-27 11:27:10,573 INFO o.a.j.t.JMeterThread: Thread started: Ticket Readers 1-161
2026-07-27 11:27:10,573 INFO o.a.j.t.JMeterThread: Thread started: Ticket Readers 1-162
2026-07-27 11:27:10,577 INFO o.a.j.t.JMeterThread: Thread started: Ticket Readers 1-164
2026-07-27 11:27:10,578 INFO o.a.j.t.JMeterThread: Thread started: Ticket Readers 1-165
2026-07-27 11:27:10,578 INFO o.a.j.t.JMeterThread: Thread started: Ticket Readers 1-163
2026-07-27 11:27:10,579 INFO o.a.j.t.JMeterThread: Thread started: Ticket Readers 1-168
2026-07-27 11:27:10,582 INFO o.a.j.t.JMeterThread: Thread started: Ticket Readers 1-166
2026-07-27 11:27:10,583 INFO o.a.j.t.JMeterThread: Thread started: Ticket Readers 1-169
2026-07-27 11:27:10,584 INFO o.a.j.t.JMeterThread: Thread started: Ticket Readers 1-167
2026-07-27 11:27:10,584 INFO o.a.j.t.JMeterThread: Thread started: Ticket Readers 1-171
2026-07-27 11:27:10,585 INFO o.a.j.t.JMeterThread: Thread started: Ticket Readers 1-172
2026-07-27 11:27:10,587 INFO o.a.j.t.JMeterThread: Thread started: Ticket Readers 1-173
2026-07-27 11:27:10,583 INFO o.a.j.t.JMeterThread: Thread started: Ticket Readers 1-170
2026-07-27 11:27:10,600 INFO o.a.j.t.JMeterThread: Thread started: Ticket Readers 1-186
2026-07-27 11:27:10,590 INFO o.a.j.t.JMeterThread: Thread started: Ticket Readers 1-174
2026-07-27 11:27:10,602 INFO o.a.j.t.JMeterThread: Thread started: Ticket Readers 1-190
2026-07-27 11:27:10,603 INFO o.a.j.t.JMeterThread: Thread started: Ticket Readers 1-182
2026-07-27 11:27:10,603 INFO o.a.j.t.JMeterThread: Thread started: Ticket Readers 1-183
2026-07-27 11:27:10,603 INFO o.a.j.t.JMeterThread: Thread started: Ticket Readers 1-184
2026-07-27 11:27:10,604 INFO o.a.j.t.JMeterThread: Thread started: Ticket Readers 1-185
2026-07-27 11:27:10,605 INFO o.a.j.t.JMeterThread: Thread started: Ticket Readers 1-196
2026-07-27 11:27:10,603 INFO o.a.j.t.JMeterThread: Thread started: Ticket Readers 1-187
2026-07-27 11:27:10,624 INFO o.a.j.t.JMeterThread: Thread started: Ticket Readers 1-191
2026-07-27 11:27:10,624 INFO o.a.j.t.JMeterThread: Thread started: Ticket Readers 1-193
2026-07-27 11:27:10,625 INFO o.a.j.t.JMeterThread: Thread started: Ticket Readers 1-192
2026-07-27 11:27:10,625 INFO o.a.j.t.JMeterThread: Thread started: Ticket Readers 1-195
2026-07-27 11:27:10,625 INFO o.a.j.t.JMeterThread: Thread started: Ticket Readers 1-198
2026-07-27 11:27:10,626 INFO o.a.j.t.JMeterThread: Thread started: Ticket Readers 1-200
2026-07-27 11:27:10,626 INFO o.a.j.t.JMeterThread: Thread started: Ticket Readers 1-197
2026-07-27 11:27:10,626 INFO o.a.j.t.JMeterThread: Thread started: Ticket Readers 1-189
2026-07-27 11:27:10,626 INFO o.a.j.t.JMeterThread: Thread started: Ticket Readers 1-201
2026-07-27 11:27:10,626 INFO o.a.j.t.JMeterThread: Thread started: Ticket Readers 1-203
2026-07-27 11:27:10,627 INFO o.a.j.t.JMeterThread: Thread started: Ticket Readers 1-204
2026-07-27 11:27:10,627 INFO o.a.j.t.JMeterThread: Thread started: Ticket Readers 1-202
2026-07-27 11:27:10,618 INFO o.a.j.t.JMeterThread: Thread started: Ticket Readers 1-205
2026-07-27 11:27:10,627 INFO o.a.j.t.JMeterThread: Thread started: Ticket Readers 1-210
2026-07-27 11:27:10,627 INFO o.a.j.t.JMeterThread: Thread started: Ticket Readers 1-207
2026-07-27 11:27:10,628 INFO o.a.j.t.JMeterThread: Thread started: Ticket Readers 1-212
2026-07-27 11:27:10,628 INFO o.a.j.t.JMeterThread: Thread started: Ticket Readers 1-209
2026-07-27 11:27:10,619 INFO o.a.j.t.JMeterThread: Thread started: Ticket Readers 1-208
2026-07-27 11:27:10,629 INFO o.a.j.t.JMeterThread: Thread started: Ticket Readers 1-215
2026-07-27 11:27:10,629 INFO o.a.j.t.JMeterThread: Thread started: Ticket Readers 1-213
2026-07-27 11:27:10,629 INFO o.a.j.t.JMeterThread: Thread started: Ticket Readers 1-214
2026-07-27 11:27:10,631 INFO o.a.j.t.JMeterThread: Thread started: Ticket Readers 1-211
2026-07-27 11:27:10,618 INFO o.a.j.t.JMeterThread: Thread started: Ticket Readers 1-206
2026-07-27 11:27:10,633 INFO o.a.j.t.JMeterThread: Thread started: Ticket Readers 1-219
2026-07-27 11:27:10,634 INFO o.a.j.t.JMeterThread: Thread started: Ticket Readers 1-216
2026-07-27 11:27:10,641 INFO o.a.j.t.JMeterThread: Thread started: Ticket Readers 1-220
2026-07-27 11:27:10,642 INFO o.a.j.t.JMeterThread: Thread started: Ticket Readers 1-221
2026-07-27 11:27:10,642 INFO o.a.j.t.JMeterThread: Thread started: Ticket Readers 1-222
2026-07-27 11:27:10,642 INFO o.a.j.t.JMeterThread: Thread started: Ticket Readers 1-224
2026-07-27 11:27:10,643 INFO o.a.j.t.JMeterThread: Thread started: Ticket Readers 1-226
2026-07-27 11:27:10,644 INFO o.a.j.t.JMeterThread: Thread started: Ticket Readers 1-227
2026-07-27 11:27:10,644 INFO o.a.j.t.JMeterThread: Thread started: Ticket Readers 1-228
2026-07-27 11:27:10,645 INFO o.a.j.t.JMeterThread: Thread started: Ticket Readers 1-229
2026-07-27 11:27:10,645 INFO o.a.j.t.JMeterThread: Thread started: Ticket Readers 1-231
2026-07-27 11:27:10,646 INFO o.a.j.t.JMeterThread: Thread started: Ticket Readers 1-233
2026-07-27 11:27:10,645 INFO o.a.j.t.JMeterThread: Thread started: Ticket Readers 1-230
2026-07-27 11:27:10,643 INFO o.a.j.t.JMeterThread: Thread started: Ticket Readers 1-225
2026-07-27 11:27:10,651 INFO o.a.j.t.JMeterThread: Thread started: Ticket Readers 1-234
2026-07-27 11:27:10,656 INFO o.a.j.t.JMeterThread: Thread started: Ticket Readers 1-241
2026-07-27 11:27:10,659 INFO o.a.j.t.JMeterThread: Thread started: Ticket Readers 1-242
2026-07-27 11:27:10,659 INFO o.a.j.t.JMeterThread: Thread started: Ticket Readers 1-244
2026-07-27 11:27:10,626 INFO o.a.j.t.JMeterThread: Thread started: Ticket Readers 1-199
2026-07-27 11:27:10,660 INFO o.a.j.t.JMeterThread: Thread started: Ticket Readers 1-245
2026-07-27 11:27:10,660 INFO o.a.j.t.JMeterThread: Thread started: Ticket Readers 1-248
2026-07-27 11:27:10,659 INFO o.a.j.t.JMeterThread: Thread started: Ticket Readers 1-247
2026-07-27 11:27:10,656 INFO o.a.j.t.JMeterThread: Thread started: Ticket Readers 1-239
2026-07-27 11:27:10,656 INFO o.a.j.t.JMeterThread: Thread started: Ticket Readers 1-237
2026-07-27 11:27:10,663 INFO o.a.j.t.JMeterThread: Thread started: Ticket Readers 1-246
2026-07-27 11:27:10,626 INFO o.a.j.t.JMeterThread: Thread started: Ticket Readers 1-188
2026-07-27 11:27:10,667 INFO o.a.j.t.JMeterThread: Thread started: Ticket Readers 1-252
2026-07-27 11:27:10,668 INFO o.a.j.t.JMeterThread: Thread started: Ticket Readers 1-254
2026-07-27 11:27:10,624 INFO o.a.j.t.JMeterThread: Thread started: Ticket Readers 1-194
2026-07-27 11:27:10,668 INFO o.a.j.t.JMeterThread: Thread started: Ticket Readers 1-253
2026-07-27 11:27:10,696 INFO o.a.j.t.JMeterThread: Thread started: Ticket Readers 1-263
2026-07-27 11:27:10,697 INFO o.a.j.t.JMeterThread: Thread started: Ticket Readers 1-264
2026-07-27 11:27:10,697 INFO o.a.j.t.JMeterThread: Thread started: Ticket Readers 1-261
2026-07-27 11:27:10,696 INFO o.a.j.t.JMeterThread: Thread started: Ticket Readers 1-258
2026-07-27 11:27:10,697 INFO o.a.j.t.JMeterThread: Thread started: Ticket Readers 1-269
2026-07-27 11:27:10,697 INFO o.a.j.t.JMeterThread: Thread started: Ticket Readers 1-270
2026-07-27 11:27:10,698 INFO o.a.j.t.JMeterThread: Thread started: Ticket Readers 1-278
2026-07-27 11:27:10,698 INFO o.a.j.t.JMeterThread: Thread started: Ticket Readers 1-281
2026-07-27 11:27:10,698 INFO o.a.j.t.JMeterThread: Thread started: Ticket Readers 1-282
2026-07-27 11:27:10,698 INFO o.a.j.t.JMeterThread: Thread started: Ticket Readers 1-280
2026-07-27 11:27:10,700 INFO o.a.j.t.JMeterThread: Thread started: Ticket Readers 1-283
2026-07-27 11:27:10,667 INFO o.a.j.t.JMeterThread: Thread started: Ticket Readers 1-249
2026-07-27 11:27:10,701 INFO o.a.j.t.JMeterThread: Thread started: Ticket Readers 1-286
2026-07-27 11:27:10,701 INFO o.a.j.t.JMeterThread: Thread started: Ticket Readers 1-287
2026-07-27 11:27:10,701 INFO o.a.j.t.JMeterThread: Thread started: Ticket Readers 1-285
2026-07-27 11:27:10,707 INFO o.a.j.t.JMeterThread: Thread started: Ticket Readers 1-288
2026-07-27 11:27:10,659 INFO o.a.j.t.JMeterThread: Thread started: Ticket Readers 1-243
2026-07-27 11:27:10,717 INFO o.a.j.t.JMeterThread: Thread started: Ticket Readers 1-291
2026-07-27 11:27:10,717 INFO o.a.j.t.JMeterThread: Thread started: Ticket Readers 1-292
2026-07-27 11:27:10,717 INFO o.a.j.t.JMeterThread: Thread started: Ticket Readers 1-290
2026-07-27 11:27:10,717 INFO o.a.j.t.JMeterThread: Thread started: Ticket Readers 1-293
2026-07-27 11:27:10,717 INFO o.a.j.t.JMeterThread: Thread started: Ticket Readers 1-294
2026-07-27 11:27:10,717 INFO o.a.j.t.JMeterThread: Thread started: Ticket Readers 1-295
2026-07-27 11:27:10,717 INFO o.a.j.t.JMeterThread: Thread started: Ticket Readers 1-296
2026-07-27 11:27:10,717 INFO o.a.j.t.JMeterThread: Thread started: Ticket Readers 1-297
2026-07-27 11:27:10,717 INFO o.a.j.t.JMeterThread: Thread started: Ticket Readers 1-298
2026-07-27 11:27:10,717 INFO o.a.j.t.JMeterThread: Thread started: Ticket Readers 1-299
2026-07-27 11:27:10,717 INFO o.a.j.t.JMeterThread: Thread started: Ticket Readers 1-301
2026-07-27 11:27:10,717 INFO o.a.j.t.JMeterThread: Thread started: Ticket Readers 1-302
2026-07-27 11:27:10,718 INFO o.a.j.t.JMeterThread: Thread started: Ticket Readers 1-303
2026-07-27 11:27:10,718 INFO o.a.j.t.JMeterThread: Thread started: Ticket Readers 1-300
2026-07-27 11:27:10,718 INFO o.a.j.t.JMeterThread: Thread started: Ticket Readers 1-304
2026-07-27 11:27:10,718 INFO o.a.j.t.JMeterThread: Thread started: Ticket Readers 1-305
2026-07-27 11:27:10,718 INFO o.a.j.t.JMeterThread: Thread started: Ticket Readers 1-306
2026-07-27 11:27:10,656 INFO o.a.j.t.JMeterThread: Thread started: Ticket Readers 1-235
2026-07-27 11:27:10,720 INFO o.a.j.t.JMeterThread: Thread started: Ticket Readers 1-309
2026-07-27 11:27:10,719 INFO o.a.j.t.JMeterThread: Thread started: Ticket Readers 1-311
2026-07-27 11:27:10,652 INFO o.a.j.t.JMeterThread: Thread started: Ticket Readers 1-240
2026-07-27 11:27:10,731 INFO o.a.j.t.JMeterThread: Thread started: Ticket Readers 1-323
2026-07-27 11:27:10,732 INFO o.a.j.t.JMeterThread: Thread started: Ticket Readers 1-324
2026-07-27 11:27:10,733 INFO o.a.j.t.JMeterThread: Thread started: Ticket Readers 1-312
2026-07-27 11:27:10,733 INFO o.a.j.t.JMeterThread: Thread started: Ticket Readers 1-307
2026-07-27 11:27:10,734 INFO o.a.j.t.JMeterThread: Thread started: Ticket Readers 1-308
2026-07-27 11:27:10,736 INFO o.a.j.t.JMeterThread: Thread started: Ticket Readers 1-313
2026-07-27 11:27:10,738 INFO o.a.j.t.JMeterThread: Thread started: Ticket Readers 1-314
2026-07-27 11:27:10,738 INFO o.a.j.t.JMeterThread: Thread started: Ticket Readers 1-316
2026-07-27 11:27:10,739 INFO o.a.j.t.JMeterThread: Thread started: Ticket Readers 1-318
2026-07-27 11:27:10,652 INFO o.a.j.t.JMeterThread: Thread started: Ticket Readers 1-238
2026-07-27 11:27:10,739 INFO o.a.j.t.JMeterThread: Thread started: Ticket Readers 1-321
2026-07-27 11:27:10,739 INFO o.a.j.t.JMeterThread: Thread started: Ticket Readers 1-322
2026-07-27 11:27:10,739 INFO o.a.j.t.JMeterThread: Thread started: Ticket Readers 1-325
2026-07-27 11:27:10,738 INFO o.a.j.t.JMeterThread: Thread started: Ticket Readers 1-315
2026-07-27 11:27:10,739 INFO o.a.j.t.JMeterThread: Thread started: Ticket Readers 1-327
2026-07-27 11:27:10,736 INFO o.a.j.t.JMeterThread: Thread started: Ticket Readers 1-310
2026-07-27 11:27:10,741 INFO o.a.j.t.JMeterThread: Thread started: Ticket Readers 1-328
2026-07-27 11:27:10,741 INFO o.a.j.t.JMeterThread: Thread started: Ticket Readers 1-329
2026-07-27 11:27:10,742 INFO o.a.j.t.JMeterThread: Thread started: Ticket Readers 1-330
2026-07-27 11:27:10,651 INFO o.a.j.t.JMeterThread: Thread started: Ticket Readers 1-236
2026-07-27 11:27:10,651 INFO o.a.j.t.JMeterThread: Thread started: Ticket Readers 1-232
2026-07-27 11:27:10,642 INFO o.a.j.t.JMeterThread: Thread started: Ticket Readers 1-223
2026-07-27 11:27:10,744 INFO o.a.j.t.JMeterThread: Thread started: Ticket Readers 1-333
2026-07-27 11:27:10,745 INFO o.a.j.t.JMeterThread: Thread started: Ticket Readers 1-332
2026-07-27 11:27:10,745 INFO o.a.j.t.JMeterThread: Thread started: Ticket Readers 1-334
2026-07-27 11:27:10,745 INFO o.a.j.t.JMeterThread: Thread started: Ticket Readers 1-337
2026-07-27 11:27:10,745 INFO o.a.j.t.JMeterThread: Thread started: Ticket Readers 1-331
2026-07-27 11:27:10,633 INFO o.a.j.t.JMeterThread: Thread started: Ticket Readers 1-217
2026-07-27 11:27:10,746 INFO o.a.j.t.JMeterThread: Thread started: Ticket Readers 1-335
2026-07-27 11:27:10,633 INFO o.a.j.t.JMeterThread: Thread started: Ticket Readers 1-218
2026-07-27 11:27:10,739 INFO o.a.j.t.JMeterThread: Thread started: Ticket Readers 1-317
2026-07-27 11:27:10,739 INFO o.a.j.t.JMeterThread: Thread started: Ticket Readers 1-320
2026-07-27 11:27:10,728 INFO o.a.j.t.JMeterThread: Thread started: Ticket Readers 1-319
2026-07-27 11:27:10,749 INFO o.a.j.t.JMeterThread: Thread started: Ticket Readers 1-339
2026-07-27 11:27:10,749 INFO o.a.j.t.JMeterThread: Thread started: Ticket Readers 1-336
2026-07-27 11:27:10,701 INFO o.a.j.t.JMeterThread: Thread started: Ticket Readers 1-284
2026-07-27 11:27:10,701 INFO o.a.j.t.JMeterThread: Thread started: Ticket Readers 1-289
2026-07-27 11:27:10,697 INFO o.a.j.t.JMeterThread: Thread started: Ticket Readers 1-267
2026-07-27 11:27:10,750 INFO o.a.j.t.JMeterThread: Thread started: Ticket Readers 1-338
2026-07-27 11:27:10,751 INFO o.a.j.t.JMeterThread: Thread started: Ticket Readers 1-342
2026-07-27 11:27:10,697 INFO o.a.j.t.JMeterThread: Thread started: Ticket Readers 1-266
2026-07-27 11:27:10,697 INFO o.a.j.t.JMeterThread: Thread started: Ticket Readers 1-265
2026-07-27 11:27:10,696 INFO o.a.j.t.JMeterThread: Thread started: Ticket Readers 1-259
2026-07-27 11:27:10,697 INFO o.a.j.t.JMeterThread: Thread started: Ticket Readers 1-262
2026-07-27 11:27:10,753 INFO o.a.j.t.JMeterThread: Thread started: Ticket Readers 1-343
2026-07-27 11:27:10,754 INFO o.a.j.t.JMeterThread: Thread started: Ticket Readers 1-344
2026-07-27 11:27:10,697 INFO o.a.j.t.JMeterThread: Thread started: Ticket Readers 1-272
2026-07-27 11:27:10,754 INFO o.a.j.t.JMeterThread: Thread started: Ticket Readers 1-345
2026-07-27 11:27:10,696 INFO o.a.j.t.JMeterThread: Thread started: Ticket Readers 1-271
2026-07-27 11:27:10,696 INFO o.a.j.t.JMeterThread: Thread started: Ticket Readers 1-260
2026-07-27 11:27:10,755 INFO o.a.j.t.JMeterThread: Thread started: Ticket Readers 1-346
2026-07-27 11:27:10,696 INFO o.a.j.t.JMeterThread: Thread started: Ticket Readers 1-268
2026-07-27 11:27:10,667 INFO o.a.j.t.JMeterThread: Thread started: Ticket Readers 1-250
2026-07-27 11:27:10,757 INFO o.a.j.t.JMeterThread: Thread started: Ticket Readers 1-348
2026-07-27 11:27:10,694 INFO o.a.j.t.JMeterThread: Thread started: Ticket Readers 1-251
2026-07-27 11:27:10,694 INFO o.a.j.t.JMeterThread: Thread started: Ticket Readers 1-255
2026-07-27 11:27:10,694 INFO o.a.j.t.JMeterThread: Thread started: Ticket Readers 1-277
2026-07-27 11:27:10,694 INFO o.a.j.t.JMeterThread: Thread started: Ticket Readers 1-276
2026-07-27 11:27:10,694 INFO o.a.j.t.JMeterThread: Thread started: Ticket Readers 1-275
2026-07-27 11:27:10,690 INFO o.a.j.t.JMeterThread: Thread started: Ticket Readers 1-274
2026-07-27 11:27:10,688 INFO o.a.j.t.JMeterThread: Thread started: Ticket Readers 1-279
2026-07-27 11:27:10,686 INFO o.a.j.t.JMeterThread: Thread started: Ticket Readers 1-273
2026-07-27 11:27:10,759 INFO o.a.j.t.JMeterThread: Thread started: Ticket Readers 1-349
2026-07-27 11:27:10,670 INFO o.a.j.t.JMeterThread: Thread started: Ticket Readers 1-256
2026-07-27 11:27:10,669 INFO o.a.j.t.JMeterThread: Thread started: Ticket Readers 1-257
2026-07-27 11:27:10,757 INFO o.a.j.t.JMeterThread: Thread started: Ticket Readers 1-347
2026-07-27 11:27:10,751 INFO o.a.j.t.JMeterThread: Thread started: Ticket Readers 1-341
2026-07-27 11:27:10,761 INFO o.a.j.t.JMeterThread: Thread started: Ticket Readers 1-352
2026-07-27 11:27:10,762 INFO o.a.j.t.JMeterThread: Thread started: Ticket Readers 1-350
2026-07-27 11:27:10,762 INFO o.a.j.t.JMeterThread: Thread started: Ticket Readers 1-353
2026-07-27 11:27:10,763 INFO o.a.j.t.JMeterThread: Thread started: Ticket Readers 1-354
2026-07-27 11:27:10,764 INFO o.a.j.t.JMeterThread: Thread started: Ticket Readers 1-355
2026-07-27 11:27:10,766 INFO o.a.j.t.JMeterThread: Thread started: Ticket Readers 1-357
2026-07-27 11:27:10,767 INFO o.a.j.t.JMeterThread: Thread started: Ticket Readers 1-351
2026-07-27 11:27:10,767 INFO o.a.j.t.JMeterThread: Thread started: Ticket Readers 1-356
2026-07-27 11:27:10,768 INFO o.a.j.t.JMeterThread: Thread started: Ticket Readers 1-358
2026-07-27 11:27:10,769 INFO o.a.j.t.JMeterThread: Thread started: Ticket Readers 1-360
2026-07-27 11:27:10,770 INFO o.a.j.t.JMeterThread: Thread started: Ticket Readers 1-359
2026-07-27 11:27:10,771 INFO o.a.j.t.JMeterThread: Thread started: Ticket Readers 1-363
2026-07-27 11:27:10,772 INFO o.a.j.t.JMeterThread: Thread started: Ticket Readers 1-362
2026-07-27 11:27:10,823 INFO o.a.j.t.JMeterThread: Thread started: Ticket Readers 1-361
2026-07-27 11:27:10,823 INFO o.a.j.t.JMeterThread: Thread started: Ticket Readers 1-411
2026-07-27 11:27:10,824 INFO o.a.j.t.JMeterThread: Thread started: Ticket Readers 1-364
2026-07-27 11:27:10,824 INFO o.a.j.t.JMeterThread: Thread started: Ticket Readers 1-366
2026-07-27 11:27:10,825 INFO o.a.j.t.JMeterThread: Thread started: Ticket Readers 1-370
2026-07-27 11:27:10,825 INFO o.a.j.t.JMeterThread: Thread started: Ticket Readers 1-371
2026-07-27 11:27:10,825 INFO o.a.j.t.JMeterThread: Thread started: Ticket Readers 1-372
2026-07-27 11:27:10,825 INFO o.a.j.t.JMeterThread: Thread started: Ticket Readers 1-369
2026-07-27 11:27:10,825 INFO o.a.j.t.JMeterThread: Thread started: Ticket Readers 1-373
2026-07-27 11:27:10,825 INFO o.a.j.t.JMeterThread: Thread started: Ticket Readers 1-375
2026-07-27 11:27:10,823 INFO o.a.j.t.JMeterThread: Thread started: Ticket Readers 1-365
2026-07-27 11:27:10,829 INFO o.a.j.t.JMeterThread: Thread started: Ticket Readers 1-417
2026-07-27 11:27:10,824 INFO o.a.j.t.JMeterThread: Thread started: Ticket Readers 1-368
2026-07-27 11:27:10,824 INFO o.a.j.t.JMeterThread: Thread started: Ticket Readers 1-367
2026-07-27 11:27:10,829 INFO o.a.j.t.JMeterThread: Thread started: Ticket Readers 1-416
2026-07-27 11:27:10,588 INFO o.a.j.t.JMeterThread: Thread started: Ticket Readers 1-175
2026-07-27 11:27:10,835 INFO o.a.j.t.JMeterThread: Thread started: Ticket Readers 1-419
2026-07-27 11:27:10,835 INFO o.a.j.t.JMeterThread: Thread started: Ticket Readers 1-418
2026-07-27 11:27:10,836 INFO o.a.j.t.JMeterThread: Thread started: Ticket Readers 1-420
2026-07-27 11:27:10,837 INFO o.a.j.t.JMeterThread: Thread started: Ticket Readers 1-425
2026-07-27 11:27:10,838 INFO o.a.j.t.JMeterThread: Thread started: Ticket Readers 1-427
2026-07-27 11:27:10,838 INFO o.a.j.t.JMeterThread: Thread started: Ticket Readers 1-426
2026-07-27 11:27:10,836 INFO o.a.j.t.JMeterThread: Thread started: Ticket Readers 1-421
2026-07-27 11:27:10,836 INFO o.a.j.t.JMeterThread: Thread started: Ticket Readers 1-422
2026-07-27 11:27:10,836 INFO o.a.j.t.JMeterThread: Thread started: Ticket Readers 1-423
2026-07-27 11:27:10,836 INFO o.a.j.t.JMeterThread: Thread started: Ticket Readers 1-424
2026-07-27 11:27:10,840 INFO o.a.j.t.JMeterThread: Thread started: Ticket Readers 1-428
2026-07-27 11:27:10,842 INFO o.a.j.t.JMeterThread: Thread started: Ticket Readers 1-432
2026-07-27 11:27:10,739 INFO o.a.j.t.JMeterThread: Thread started: Ticket Readers 1-326
2026-07-27 11:27:10,825 INFO o.a.j.t.JMeterThread: Thread started: Ticket Readers 1-376
2026-07-27 11:27:10,846 INFO o.a.j.t.JMeterThread: Thread started: Ticket Readers 1-374
2026-07-27 11:27:10,846 INFO o.a.j.t.JMeterThread: Thread started: Ticket Readers 1-377
2026-07-27 11:27:10,846 INFO o.a.j.t.JMeterThread: Thread started: Ticket Readers 1-429
2026-07-27 11:27:10,846 INFO o.a.j.t.JMeterThread: Thread started: Ticket Readers 1-394
2026-07-27 11:27:10,847 INFO o.a.j.t.JMeterThread: Thread started: Ticket Readers 1-431
2026-07-27 11:27:10,847 INFO o.a.j.t.JMeterThread: Thread started: Ticket Readers 1-393
2026-07-27 11:27:10,847 INFO o.a.j.t.JMeterThread: Thread started: Ticket Readers 1-389
2026-07-27 11:27:10,847 INFO o.a.j.t.JMeterThread: Thread started: Ticket Readers 1-391
2026-07-27 11:27:10,847 INFO o.a.j.t.JMeterThread: Thread started: Ticket Readers 1-438
2026-07-27 11:27:10,848 INFO o.a.j.t.JMeterThread: Thread started: Ticket Readers 1-395
2026-07-27 11:27:10,848 INFO o.a.j.t.JMeterThread: Thread started: Ticket Readers 1-402
2026-07-27 11:27:10,848 INFO o.a.j.t.JMeterThread: Thread started: Ticket Readers 1-404
2026-07-27 11:27:10,849 INFO o.a.j.t.JMeterThread: Thread started: Ticket Readers 1-379
2026-07-27 11:27:10,850 INFO o.a.j.t.JMeterThread: Thread started: Ticket Readers 1-415
2026-07-27 11:27:10,750 INFO o.a.j.t.JMeterThread: Thread started: Ticket Readers 1-340
2026-07-27 11:27:10,853 INFO o.a.j.t.JMeterThread: Thread started: Ticket Readers 1-435
2026-07-27 11:27:10,854 INFO o.a.j.t.JMeterThread: Thread started: Ticket Readers 1-380
2026-07-27 11:27:10,854 INFO o.a.j.t.JMeterThread: Thread started: Ticket Readers 1-381
2026-07-27 11:27:10,588 INFO o.a.j.t.JMeterThread: Thread started: Ticket Readers 1-176
2026-07-27 11:27:10,854 INFO o.a.j.t.JMeterThread: Thread started: Ticket Readers 1-383
2026-07-27 11:27:10,854 INFO o.a.j.t.JMeterThread: Thread started: Ticket Readers 1-382
2026-07-27 11:27:10,854 INFO o.a.j.t.JMeterThread: Thread started: Ticket Readers 1-387
2026-07-27 11:27:10,855 INFO o.a.j.t.JMeterThread: Thread started: Ticket Readers 1-385
2026-07-27 11:27:10,855 INFO o.a.j.t.JMeterThread: Thread started: Ticket Readers 1-436
2026-07-27 11:27:10,855 INFO o.a.j.t.JMeterThread: Thread started: Ticket Readers 1-434
2026-07-27 11:27:10,855 INFO o.a.j.t.JMeterThread: Thread started: Ticket Readers 1-388
2026-07-27 11:27:10,855 INFO o.a.j.t.JMeterThread: Thread started: Ticket Readers 1-386
2026-07-27 11:27:10,855 INFO o.a.j.t.JMeterThread: Thread started: Ticket Readers 1-390
2026-07-27 11:27:10,855 INFO o.a.j.t.JMeterThread: Thread started: Ticket Readers 1-397
2026-07-27 11:27:10,855 INFO o.a.j.t.JMeterThread: Thread started: Ticket Readers 1-396
2026-07-27 11:27:10,855 INFO o.a.j.t.JMeterThread: Thread started: Ticket Readers 1-398
2026-07-27 11:27:10,856 INFO o.a.j.t.JMeterThread: Thread started: Ticket Readers 1-439
2026-07-27 11:27:10,856 INFO o.a.j.t.JMeterThread: Thread started: Ticket Readers 1-400
2026-07-27 11:27:10,856 INFO o.a.j.t.JMeterThread: Thread started: Ticket Readers 1-399
2026-07-27 11:27:10,856 INFO o.a.j.t.JMeterThread: Thread started: Ticket Readers 1-401
2026-07-27 11:27:10,856 INFO o.a.j.t.JMeterThread: Thread started: Ticket Readers 1-405
2026-07-27 11:27:10,856 INFO o.a.j.t.JMeterThread: Thread started: Ticket Readers 1-403
2026-07-27 11:27:10,857 INFO o.a.j.t.JMeterThread: Thread started: Ticket Readers 1-442
2026-07-27 11:27:10,857 INFO o.a.j.t.JMeterThread: Thread started: Ticket Readers 1-407
2026-07-27 11:27:10,857 INFO o.a.j.t.JMeterThread: Thread started: Ticket Readers 1-437
2026-07-27 11:27:10,857 INFO o.a.j.t.JMeterThread: Thread started: Ticket Readers 1-406
2026-07-27 11:27:10,858 INFO o.a.j.t.JMeterThread: Thread started: Ticket Readers 1-441
2026-07-27 11:27:10,858 INFO o.a.j.t.JMeterThread: Thread started: Ticket Readers 1-408
2026-07-27 11:27:10,858 INFO o.a.j.t.JMeterThread: Thread started: Ticket Readers 1-440
2026-07-27 11:27:10,858 INFO o.a.j.t.JMeterThread: Thread started: Ticket Readers 1-414
2026-07-27 11:27:10,858 INFO o.a.j.t.JMeterThread: Thread started: Ticket Readers 1-410
2026-07-27 11:27:10,858 INFO o.a.j.t.JMeterThread: Thread started: Ticket Readers 1-413
2026-07-27 11:27:10,858 INFO o.a.j.t.JMeterThread: Thread started: Ticket Readers 1-412
2026-07-27 11:27:10,859 INFO o.a.j.t.JMeterThread: Thread started: Ticket Readers 1-446
2026-07-27 11:27:10,860 INFO o.a.j.t.JMeterThread: Thread started: Ticket Readers 1-444
2026-07-27 11:27:10,853 INFO o.a.j.t.JMeterThread: Thread started: Ticket Readers 1-433
2026-07-27 11:27:10,860 INFO o.a.j.t.JMeterThread: Thread started: Ticket Readers 1-443
2026-07-27 11:27:10,861 INFO o.a.j.t.JMeterThread: Thread started: Ticket Readers 1-449
2026-07-27 11:27:10,861 INFO o.a.j.t.JMeterThread: Thread started: Ticket Readers 1-447
2026-07-27 11:27:10,861 INFO o.a.j.t.JMeterThread: Thread started: Ticket Readers 1-451
2026-07-27 11:27:10,861 INFO o.a.j.t.JMeterThread: Thread started: Ticket Readers 1-453
2026-07-27 11:27:10,848 INFO o.a.j.t.JMeterThread: Thread started: Ticket Readers 1-378
2026-07-27 11:27:10,863 INFO o.a.j.t.JMeterThread: Thread started: Ticket Readers 1-452
2026-07-27 11:27:10,863 INFO o.a.j.t.JMeterThread: Thread started: Ticket Readers 1-448
2026-07-27 11:27:10,847 INFO o.a.j.t.JMeterThread: Thread started: Ticket Readers 1-430
2026-07-27 11:27:10,865 INFO o.a.j.t.JMeterThread: Thread started: Ticket Readers 1-454
2026-07-27 11:27:10,846 INFO o.a.j.t.JMeterThread: Thread started: Ticket Readers 1-384
2026-07-27 11:27:10,866 INFO o.a.j.t.JMeterThread: Thread started: Ticket Readers 1-457
2026-07-27 11:27:10,866 INFO o.a.j.t.JMeterThread: Thread started: Ticket Readers 1-455
2026-07-27 11:27:10,867 INFO o.a.j.t.JMeterThread: Thread started: Ticket Readers 1-458
2026-07-27 11:27:10,865 INFO o.a.j.t.JMeterThread: Thread started: Ticket Readers 1-450
2026-07-27 11:27:10,860 INFO o.a.j.t.JMeterThread: Thread started: Ticket Readers 1-445
2026-07-27 11:27:10,869 INFO o.a.j.t.JMeterThread: Thread started: Ticket Readers 1-459
2026-07-27 11:27:10,869 INFO o.a.j.t.JMeterThread: Thread started: Ticket Readers 1-456
2026-07-27 11:27:10,870 INFO o.a.j.t.JMeterThread: Thread started: Ticket Readers 1-460
2026-07-27 11:27:10,858 INFO o.a.j.t.JMeterThread: Thread started: Ticket Readers 1-409
2026-07-27 11:27:10,855 INFO o.a.j.t.JMeterThread: Thread started: Ticket Readers 1-392
2026-07-27 11:27:10,872 INFO o.a.j.t.JMeterThread: Thread started: Ticket Readers 1-461
2026-07-27 11:27:10,872 INFO o.a.j.t.JMeterThread: Thread started: Ticket Readers 1-462
2026-07-27 11:27:10,873 INFO o.a.j.t.JMeterThread: Thread started: Ticket Readers 1-464
2026-07-27 11:27:10,875 INFO o.a.j.t.JMeterThread: Thread started: Ticket Readers 1-463
2026-07-27 11:27:10,879 INFO o.a.j.t.JMeterThread: Thread started: Ticket Readers 1-466
2026-07-27 11:27:10,883 INFO o.a.j.t.JMeterThread: Thread started: Ticket Readers 1-465
2026-07-27 11:27:10,883 INFO o.a.j.t.JMeterThread: Thread started: Ticket Readers 1-467
2026-07-27 11:27:10,883 INFO o.a.j.t.JMeterThread: Thread started: Ticket Readers 1-469
2026-07-27 11:27:10,884 INFO o.a.j.t.JMeterThread: Thread started: Ticket Readers 1-471
2026-07-27 11:27:10,884 INFO o.a.j.t.JMeterThread: Thread started: Ticket Readers 1-474
2026-07-27 11:27:10,885 INFO o.a.j.t.JMeterThread: Thread started: Ticket Readers 1-470
2026-07-27 11:27:10,883 INFO o.a.j.t.JMeterThread: Thread started: Ticket Readers 1-468
2026-07-27 11:27:10,886 INFO o.a.j.t.JMeterThread: Thread started: Ticket Readers 1-475
2026-07-27 11:27:10,886 INFO o.a.j.t.JMeterThread: Thread started: Ticket Readers 1-473
2026-07-27 11:27:10,886 INFO o.a.j.t.JMeterThread: Thread started: Ticket Readers 1-476
2026-07-27 11:27:10,886 INFO o.a.j.t.JMeterThread: Thread started: Ticket Readers 1-472
2026-07-27 11:27:10,887 INFO o.a.j.t.JMeterThread: Thread started: Ticket Readers 1-478
2026-07-27 11:27:10,889 INFO o.a.j.t.JMeterThread: Thread started: Ticket Readers 1-477
2026-07-27 11:27:10,893 INFO o.a.j.t.JMeterThread: Thread started: Ticket Readers 1-480
2026-07-27 11:27:10,893 INFO o.a.j.t.JMeterThread: Thread started: Ticket Readers 1-484
2026-07-27 11:27:10,894 INFO o.a.j.t.JMeterThread: Thread started: Ticket Readers 1-482
2026-07-27 11:27:10,894 INFO o.a.j.t.JMeterThread: Thread started: Ticket Readers 1-479
2026-07-27 11:27:10,894 INFO o.a.j.t.JMeterThread: Thread started: Ticket Readers 1-481
2026-07-27 11:27:10,894 INFO o.a.j.t.JMeterThread: Thread started: Ticket Readers 1-485
2026-07-27 11:27:10,896 INFO o.a.j.t.JMeterThread: Thread started: Ticket Readers 1-483
2026-07-27 11:27:10,897 INFO o.a.j.t.JMeterThread: Thread started: Ticket Readers 1-487
2026-07-27 11:27:10,897 INFO o.a.j.t.JMeterThread: Thread started: Ticket Readers 1-488
2026-07-27 11:27:10,897 INFO o.a.j.t.JMeterThread: Thread started: Ticket Readers 1-489
2026-07-27 11:27:10,897 INFO o.a.j.t.JMeterThread: Thread started: Ticket Readers 1-486
2026-07-27 11:27:10,900 INFO o.a.j.t.JMeterThread: Thread started: Ticket Readers 1-490
2026-07-27 11:27:10,900 INFO o.a.j.t.JMeterThread: Thread started: Ticket Readers 1-491
2026-07-27 11:27:10,904 INFO o.a.j.t.JMeterThread: Thread started: Ticket Readers 1-494
2026-07-27 11:27:10,905 INFO o.a.j.t.JMeterThread: Thread started: Ticket Readers 1-495
2026-07-27 11:27:10,907 INFO o.a.j.t.JMeterThread: Thread started: Ticket Readers 1-496
2026-07-27 11:27:10,908 INFO o.a.j.t.JMeterThread: Thread started: Ticket Readers 1-499
2026-07-27 11:27:10,906 INFO o.a.j.t.JMeterThread: Thread started: Ticket Readers 1-492
2026-07-27 11:27:10,907 INFO o.a.j.t.JMeterThread: Thread started: Ticket Readers 1-493
2026-07-27 11:27:10,909 INFO o.a.j.t.JMeterThread: Thread started: Ticket Readers 1-500
2026-07-27 11:27:10,910 INFO o.a.j.t.JMeterThread: Thread started: Ticket Readers 1-498
2026-07-27 11:27:10,912 INFO o.a.j.t.JMeterThread: Thread started: Ticket Readers 1-497
2026-07-27 11:27:10,912 INFO o.a.j.t.JMeterThread: Thread started: Ticket Readers 1-501
2026-07-27 11:27:10,913 INFO o.a.j.t.JMeterThread: Thread started: Ticket Readers 1-503
2026-07-27 11:27:10,915 INFO o.a.j.t.JMeterThread: Thread started: Ticket Readers 1-502
2026-07-27 11:27:10,915 INFO o.a.j.t.JMeterThread: Thread started: Ticket Readers 1-505
2026-07-27 11:27:10,920 INFO o.a.j.t.JMeterThread: Thread started: Ticket Readers 1-506
2026-07-27 11:27:10,922 INFO o.a.j.t.JMeterThread: Thread started: Ticket Readers 1-510
2026-07-27 11:27:10,924 INFO o.a.j.t.JMeterThread: Thread started: Ticket Readers 1-509
2026-07-27 11:27:10,920 INFO o.a.j.t.JMeterThread: Thread started: Ticket Readers 1-508
2026-07-27 11:27:10,924 INFO o.a.j.t.JMeterThread: Thread started: Ticket Readers 1-511
2026-07-27 11:27:10,926 INFO o.a.j.t.JMeterThread: Thread started: Ticket Readers 1-512
2026-07-27 11:27:10,919 INFO o.a.j.t.JMeterThread: Thread started: Ticket Readers 1-504
2026-07-27 11:27:10,928 INFO o.a.j.t.JMeterThread: Thread started: Ticket Readers 1-515
2026-07-27 11:27:10,929 INFO o.a.j.t.JMeterThread: Thread started: Ticket Readers 1-513
2026-07-27 11:27:10,918 INFO o.a.j.t.JMeterThread: Thread started: Ticket Readers 1-507
2026-07-27 11:27:10,931 INFO o.a.j.t.JMeterThread: Thread started: Ticket Readers 1-518
2026-07-27 11:27:10,931 INFO o.a.j.t.JMeterThread: Thread started: Ticket Readers 1-521
2026-07-27 11:27:10,932 INFO o.a.j.t.JMeterThread: Thread started: Ticket Readers 1-517
2026-07-27 11:27:10,930 INFO o.a.j.t.JMeterThread: Thread started: Ticket Readers 1-514
2026-07-27 11:27:10,933 INFO o.a.j.t.JMeterThread: Thread started: Ticket Readers 1-519
2026-07-27 11:27:10,934 INFO o.a.j.t.JMeterThread: Thread started: Ticket Readers 1-522
2026-07-27 11:27:10,934 INFO o.a.j.t.JMeterThread: Thread started: Ticket Readers 1-523
2026-07-27 11:27:10,935 INFO o.a.j.t.JMeterThread: Thread started: Ticket Readers 1-524
2026-07-27 11:27:10,932 INFO o.a.j.t.JMeterThread: Thread started: Ticket Readers 1-516
2026-07-27 11:27:10,937 INFO o.a.j.t.JMeterThread: Thread started: Ticket Readers 1-527
2026-07-27 11:27:10,937 INFO o.a.j.t.JMeterThread: Thread started: Ticket Readers 1-525
2026-07-27 11:27:10,931 INFO o.a.j.t.JMeterThread: Thread started: Ticket Readers 1-520
2026-07-27 11:27:10,934 INFO o.a.j.t.JMeterThread: Thread started: Ticket Readers 1-526
2026-07-27 11:27:10,942 INFO o.a.j.t.JMeterThread: Thread started: Ticket Readers 1-528
2026-07-27 11:27:10,942 INFO o.a.j.t.JMeterThread: Thread started: Ticket Readers 1-530
2026-07-27 11:27:10,942 INFO o.a.j.t.JMeterThread: Thread started: Ticket Readers 1-529
2026-07-27 11:27:10,942 INFO o.a.j.t.JMeterThread: Thread started: Ticket Readers 1-531
2026-07-27 11:27:10,944 INFO o.a.j.t.JMeterThread: Thread started: Ticket Readers 1-532
2026-07-27 11:27:10,946 INFO o.a.j.t.JMeterThread: Thread started: Ticket Readers 1-534
2026-07-27 11:27:10,946 INFO o.a.j.t.JMeterThread: Thread started: Ticket Readers 1-535
2026-07-27 11:27:10,946 INFO o.a.j.t.JMeterThread: Thread started: Ticket Readers 1-537
2026-07-27 11:27:10,946 INFO o.a.j.t.JMeterThread: Thread started: Ticket Readers 1-533
2026-07-27 11:27:10,951 INFO o.a.j.t.JMeterThread: Thread started: Ticket Readers 1-536
2026-07-27 11:27:10,954 INFO o.a.j.t.JMeterThread: Thread started: Ticket Readers 1-540
2026-07-27 11:27:10,954 INFO o.a.j.t.JMeterThread: Thread started: Ticket Readers 1-542
2026-07-27 11:27:10,955 INFO o.a.j.t.JMeterThread: Thread started: Ticket Readers 1-543
2026-07-27 11:27:10,951 INFO o.a.j.t.JMeterThread: Thread started: Ticket Readers 1-538
2026-07-27 11:27:10,956 INFO o.a.j.t.JMeterThread: Thread started: Ticket Readers 1-544
2026-07-27 11:27:10,958 INFO o.a.j.t.JMeterThread: Thread started: Ticket Readers 1-545
2026-07-27 11:27:10,954 INFO o.a.j.t.JMeterThread: Thread started: Ticket Readers 1-539
2026-07-27 11:27:10,959 INFO o.a.j.t.JMeterThread: Thread started: Ticket Readers 1-546
2026-07-27 11:27:10,959 INFO o.a.j.t.JMeterThread: Thread started: Ticket Readers 1-548
2026-07-27 11:27:10,960 INFO o.a.j.t.JMeterThread: Thread started: Ticket Readers 1-550
2026-07-27 11:27:10,961 INFO o.a.j.t.JMeterThread: Thread started: Ticket Readers 1-547
2026-07-27 11:27:10,958 INFO o.a.j.t.JMeterThread: Thread started: Ticket Readers 1-549
2026-07-27 11:27:10,954 INFO o.a.j.t.JMeterThread: Thread started: Ticket Readers 1-541
2026-07-27 11:27:10,966 INFO o.a.j.t.JMeterThread: Thread started: Ticket Readers 1-556
2026-07-27 11:27:10,966 INFO o.a.j.t.JMeterThread: Thread started: Ticket Readers 1-554
2026-07-27 11:27:10,967 INFO o.a.j.t.JMeterThread: Thread started: Ticket Readers 1-551
2026-07-27 11:27:10,967 INFO o.a.j.t.JMeterThread: Thread started: Ticket Readers 1-552
2026-07-27 11:27:10,966 INFO o.a.j.t.JMeterThread: Thread started: Ticket Readers 1-553
2026-07-27 11:27:10,968 INFO o.a.j.t.JMeterThread: Thread started: Ticket Readers 1-558
2026-07-27 11:27:10,969 INFO o.a.j.t.JMeterThread: Thread started: Ticket Readers 1-555
2026-07-27 11:27:10,969 INFO o.a.j.t.JMeterThread: Thread started: Ticket Readers 1-557
2026-07-27 11:27:10,971 INFO o.a.j.t.JMeterThread: Thread started: Ticket Readers 1-561
2026-07-27 11:27:10,971 INFO o.a.j.t.JMeterThread: Thread started: Ticket Readers 1-560
2026-07-27 11:27:10,972 INFO o.a.j.t.JMeterThread: Thread started: Ticket Readers 1-559
2026-07-27 11:27:10,592 INFO o.a.j.t.JMeterThread: Thread started: Ticket Readers 1-179
2026-07-27 11:27:10,973 INFO o.a.j.t.JMeterThread: Thread started: Ticket Readers 1-563
2026-07-27 11:27:10,974 INFO o.a.j.t.JMeterThread: Thread started: Ticket Readers 1-562
2026-07-27 11:27:10,976 INFO o.a.j.t.JMeterThread: Thread started: Ticket Readers 1-566
2026-07-27 11:27:10,977 INFO o.a.j.t.JMeterThread: Thread started: Ticket Readers 1-564
2026-07-27 11:27:10,977 INFO o.a.j.t.JMeterThread: Thread started: Ticket Readers 1-565
2026-07-27 11:27:11,009 INFO o.a.j.t.JMeterThread: Thread started: Ticket Readers 1-573
2026-07-27 11:27:11,009 INFO o.a.j.t.JMeterThread: Thread started: Ticket Readers 1-574
2026-07-27 11:27:11,009 INFO o.a.j.t.JMeterThread: Thread started: Ticket Readers 1-575
2026-07-27 11:27:10,595 INFO o.a.j.t.JMeterThread: Thread started: Ticket Readers 1-178
2026-07-27 11:27:11,009 INFO o.a.j.t.JMeterThread: Thread started: Ticket Readers 1-579
2026-07-27 11:27:11,009 INFO o.a.j.t.JMeterThread: Thread started: Ticket Readers 1-580
2026-07-27 11:27:11,010 INFO o.a.j.t.JMeterThread: Thread started: Ticket Readers 1-582
2026-07-27 11:27:11,010 INFO o.a.j.t.JMeterThread: Thread started: Ticket Readers 1-586
2026-07-27 11:27:11,010 INFO o.a.j.t.JMeterThread: Thread started: Ticket Readers 1-584
2026-07-27 11:27:11,010 INFO o.a.j.t.JMeterThread: Thread started: Ticket Readers 1-588
2026-07-27 11:27:11,010 INFO o.a.j.t.JMeterThread: Thread started: Ticket Readers 1-589
2026-07-27 11:27:11,010 INFO o.a.j.t.JMeterThread: Thread started: Ticket Readers 1-590
2026-07-27 11:27:11,010 INFO o.a.j.t.JMeterThread: Thread started: Ticket Readers 1-592
2026-07-27 11:27:11,010 INFO o.a.j.t.JMeterThread: Thread started: Ticket Readers 1-595
2026-07-27 11:27:11,010 INFO o.a.j.t.JMeterThread: Thread started: Ticket Readers 1-596
2026-07-27 11:27:11,009 INFO o.a.j.t.JMeterThread: Thread started: Ticket Readers 1-577
2026-07-27 11:27:10,980 INFO o.a.j.t.JMeterThread: Thread started: Ticket Readers 1-567
2026-07-27 11:27:11,012 INFO o.a.j.t.JMeterThread: Thread started: Ticket Readers 1-601
2026-07-27 11:27:11,009 INFO o.a.j.t.JMeterThread: Thread started: Ticket Readers 1-578
2026-07-27 11:27:10,592 INFO o.a.j.t.JMeterThread: Thread started: Ticket Readers 1-180
2026-07-27 11:27:11,021 INFO o.a.j.t.JMeterThread: Thread started: Ticket Readers 1-568
2026-07-27 11:27:11,021 INFO o.a.j.t.JMeterThread: Thread started: Ticket Readers 1-572
2026-07-27 11:27:11,021 INFO o.a.j.t.JMeterThread: Thread started: Ticket Readers 1-571
2026-07-27 11:27:11,022 INFO o.a.j.t.JMeterThread: Thread started: Ticket Readers 1-569
2026-07-27 11:27:11,024 INFO o.a.j.t.JMeterThread: Thread started: Ticket Readers 1-576
2026-07-27 11:27:11,024 INFO o.a.j.t.JMeterThread: Thread started: Ticket Readers 1-597
2026-07-27 11:27:11,024 INFO o.a.j.t.JMeterThread: Thread started: Ticket Readers 1-606
2026-07-27 11:27:11,024 INFO o.a.j.t.JMeterThread: Thread started: Ticket Readers 1-605
2026-07-27 11:27:11,025 INFO o.a.j.t.JMeterThread: Thread started: Ticket Readers 1-603
2026-07-27 11:27:11,025 INFO o.a.j.t.JMeterThread: Thread started: Ticket Readers 1-599
2026-07-27 11:27:11,025 INFO o.a.j.t.JMeterThread: Thread started: Ticket Readers 1-604
2026-07-27 11:27:11,026 INFO o.a.j.t.JMeterThread: Thread started: Ticket Readers 1-607
2026-07-27 11:27:11,026 INFO o.a.j.t.JMeterThread: Thread started: Ticket Readers 1-608
2026-07-27 11:27:10,591 INFO o.a.j.t.JMeterThread: Thread started: Ticket Readers 1-181
2026-07-27 11:27:11,027 INFO o.a.j.t.JMeterThread: Thread started: Ticket Readers 1-609
2026-07-27 11:27:11,027 INFO o.a.j.t.JMeterThread: Thread started: Ticket Readers 1-610
2026-07-27 11:27:11,027 INFO o.a.j.t.JMeterThread: Thread started: Ticket Readers 1-611
2026-07-27 11:27:11,027 INFO o.a.j.t.JMeterThread: Thread started: Ticket Readers 1-612
2026-07-27 11:27:11,027 INFO o.a.j.t.JMeterThread: Thread started: Ticket Readers 1-614
2026-07-27 11:27:11,028 INFO o.a.j.t.JMeterThread: Thread started: Ticket Readers 1-613
2026-07-27 11:27:11,028 INFO o.a.j.t.JMeterThread: Thread started: Ticket Readers 1-615
2026-07-27 11:27:11,017 INFO o.a.j.t.JMeterThread: Thread started: Ticket Readers 1-602
2026-07-27 11:27:11,028 INFO o.a.j.t.JMeterThread: Thread started: Ticket Readers 1-616
2026-07-27 11:27:11,029 INFO o.a.j.t.JMeterThread: Thread started: Ticket Readers 1-618
2026-07-27 11:27:11,029 INFO o.a.j.t.JMeterThread: Thread started: Ticket Readers 1-619
2026-07-27 11:27:11,010 INFO o.a.j.t.JMeterThread: Thread started: Ticket Readers 1-594
2026-07-27 11:27:10,593 INFO o.a.j.t.JMeterThread: Thread started: Ticket Readers 1-177
2026-07-27 11:27:11,010 INFO o.a.j.t.JMeterThread: Thread started: Ticket Readers 1-591
2026-07-27 11:27:11,010 INFO o.a.j.t.JMeterThread: Thread started: Ticket Readers 1-587
2026-07-27 11:27:11,010 INFO o.a.j.t.JMeterThread: Thread started: Ticket Readers 1-585
2026-07-27 11:27:11,010 INFO o.a.j.t.JMeterThread: Thread started: Ticket Readers 1-581
2026-07-27 11:27:11,010 INFO o.a.j.t.JMeterThread: Thread started: Ticket Readers 1-583
2026-07-27 11:27:11,029 INFO o.a.j.t.JMeterThread: Thread started: Ticket Readers 1-617
2026-07-27 11:27:11,032 INFO o.a.j.t.JMeterThread: Thread started: Ticket Readers 1-622
2026-07-27 11:27:11,025 INFO o.a.j.t.JMeterThread: Thread started: Ticket Readers 1-598
2026-07-27 11:27:11,033 INFO o.a.j.t.JMeterThread: Thread started: Ticket Readers 1-623
2026-07-27 11:27:11,033 INFO o.a.j.t.JMeterThread: Thread started: Ticket Readers 1-624
2026-07-27 11:27:11,033 INFO o.a.j.t.JMeterThread: Thread started: Ticket Readers 1-621
2026-07-27 11:27:11,010 INFO o.a.j.t.JMeterThread: Thread started: Ticket Readers 1-593
2026-07-27 11:27:11,024 INFO o.a.j.t.JMeterThread: Thread started: Ticket Readers 1-600
2026-07-27 11:27:11,021 INFO o.a.j.t.JMeterThread: Thread started: Ticket Readers 1-570
2026-07-27 11:27:11,035 INFO o.a.j.t.JMeterThread: Thread started: Ticket Readers 1-625
2026-07-27 11:27:11,033 INFO o.a.j.t.JMeterThread: Thread started: Ticket Readers 1-620
2026-07-27 11:27:11,038 INFO o.a.j.t.JMeterThread: Thread started: Ticket Readers 1-627
2026-07-27 11:27:11,039 INFO o.a.j.t.JMeterThread: Thread started: Ticket Readers 1-628
2026-07-27 11:27:11,038 INFO o.a.j.t.JMeterThread: Thread started: Ticket Readers 1-626
2026-07-27 11:27:11,041 INFO o.a.j.t.JMeterThread: Thread started: Ticket Readers 1-630
2026-07-27 11:27:11,042 INFO o.a.j.t.JMeterThread: Thread started: Ticket Readers 1-629
2026-07-27 11:27:11,042 INFO o.a.j.t.JMeterThread: Thread started: Ticket Readers 1-633
2026-07-27 11:27:11,043 INFO o.a.j.t.JMeterThread: Thread started: Ticket Readers 1-634
2026-07-27 11:27:11,044 INFO o.a.j.t.JMeterThread: Thread started: Ticket Readers 1-635
2026-07-27 11:27:11,044 INFO o.a.j.t.JMeterThread: Thread started: Ticket Readers 1-631
2026-07-27 11:27:11,046 INFO o.a.j.t.JMeterThread: Thread started: Ticket Readers 1-636
2026-07-27 11:27:11,046 INFO o.a.j.t.JMeterThread: Thread started: Ticket Readers 1-632
2026-07-27 11:27:11,047 INFO o.a.j.t.JMeterThread: Thread started: Ticket Readers 1-638
2026-07-27 11:27:11,048 INFO o.a.j.t.JMeterThread: Thread started: Ticket Readers 1-637
2026-07-27 11:27:11,049 INFO o.a.j.t.JMeterThread: Thread started: Ticket Readers 1-640
2026-07-27 11:27:11,049 INFO o.a.j.t.JMeterThread: Thread started: Ticket Readers 1-639
2026-07-27 11:27:11,051 INFO o.a.j.t.JMeterThread: Thread started: Ticket Readers 1-641
2026-07-27 11:27:11,052 INFO o.a.j.t.JMeterThread: Thread started: Ticket Readers 1-642
2026-07-27 11:27:11,054 INFO o.a.j.t.JMeterThread: Thread started: Ticket Readers 1-644
2026-07-27 11:27:11,056 INFO o.a.j.t.JMeterThread: Thread started: Ticket Readers 1-645
2026-07-27 11:27:11,056 INFO o.a.j.t.JMeterThread: Thread started: Ticket Readers 1-646
2026-07-27 11:27:11,057 INFO o.a.j.t.JMeterThread: Thread started: Ticket Readers 1-643
2026-07-27 11:27:11,057 INFO o.a.j.t.JMeterThread: Thread started: Ticket Readers 1-647
2026-07-27 11:27:11,059 INFO o.a.j.t.JMeterThread: Thread started: Ticket Readers 1-648
2026-07-27 11:27:11,062 INFO o.a.j.t.JMeterThread: Thread started: Ticket Readers 1-649
2026-07-27 11:27:11,063 INFO o.a.j.t.JMeterThread: Thread started: Ticket Readers 1-651
2026-07-27 11:27:11,063 INFO o.a.j.t.JMeterThread: Thread started: Ticket Readers 1-650
2026-07-27 11:27:11,065 INFO o.a.j.t.JMeterThread: Thread started: Ticket Readers 1-652
2026-07-27 11:27:11,070 INFO o.a.j.t.JMeterThread: Thread started: Ticket Readers 1-653
2026-07-27 11:27:11,071 INFO o.a.j.t.JMeterThread: Thread started: Ticket Readers 1-656
2026-07-27 11:27:11,074 INFO o.a.j.t.JMeterThread: Thread started: Ticket Readers 1-654
2026-07-27 11:27:11,076 INFO o.a.j.t.JMeterThread: Thread started: Ticket Readers 1-657
2026-07-27 11:27:11,074 INFO o.a.j.t.JMeterThread: Thread started: Ticket Readers 1-655
2026-07-27 11:27:11,077 INFO o.a.j.t.JMeterThread: Thread started: Ticket Readers 1-659
2026-07-27 11:27:11,077 INFO o.a.j.t.JMeterThread: Thread started: Ticket Readers 1-660
2026-07-27 11:27:11,077 INFO o.a.j.t.JMeterThread: Thread started: Ticket Readers 1-658
2026-07-27 11:27:11,078 INFO o.a.j.t.JMeterThread: Thread started: Ticket Readers 1-661
2026-07-27 11:27:11,082 INFO o.a.j.t.JMeterThread: Thread started: Ticket Readers 1-662
2026-07-27 11:27:11,089 INFO o.a.j.t.JMeterThread: Thread started: Ticket Readers 1-674
2026-07-27 11:27:11,089 INFO o.a.j.t.JMeterThread: Thread started: Ticket Readers 1-675
2026-07-27 11:27:11,090 INFO o.a.j.t.JMeterThread: Thread started: Ticket Readers 1-676
2026-07-27 11:27:11,091 INFO o.a.j.t.JMeterThread: Thread started: Ticket Readers 1-678
2026-07-27 11:27:11,091 INFO o.a.j.t.JMeterThread: Thread started: Ticket Readers 1-677
2026-07-27 11:27:11,091 INFO o.a.j.t.JMeterThread: Thread started: Ticket Readers 1-665
2026-07-27 11:27:11,095 INFO o.a.j.t.JMeterThread: Thread started: Ticket Readers 1-682
2026-07-27 11:27:11,096 INFO o.a.j.t.JMeterThread: Thread started: Ticket Readers 1-686
2026-07-27 11:27:11,095 INFO o.a.j.t.JMeterThread: Thread started: Ticket Readers 1-685
2026-07-27 11:27:11,096 INFO o.a.j.t.JMeterThread: Thread started: Ticket Readers 1-683
2026-07-27 11:27:11,096 INFO o.a.j.t.JMeterThread: Thread started: Ticket Readers 1-679
2026-07-27 11:27:11,097 INFO o.a.j.t.JMeterThread: Thread started: Ticket Readers 1-684
2026-07-27 11:27:11,097 INFO o.a.j.t.JMeterThread: Thread started: Ticket Readers 1-687
2026-07-27 11:27:11,097 INFO o.a.j.t.JMeterThread: Thread started: Ticket Readers 1-666
2026-07-27 11:27:11,098 INFO o.a.j.t.JMeterThread: Thread started: Ticket Readers 1-681
2026-07-27 11:27:11,098 INFO o.a.j.t.JMeterThread: Thread started: Ticket Readers 1-669
2026-07-27 11:27:11,098 INFO o.a.j.t.JMeterThread: Thread started: Ticket Readers 1-667
2026-07-27 11:27:11,098 INFO o.a.j.t.JMeterThread: Thread started: Ticket Readers 1-688
2026-07-27 11:27:11,101 INFO o.a.j.t.JMeterThread: Thread started: Ticket Readers 1-692
2026-07-27 11:27:11,102 INFO o.a.j.t.JMeterThread: Thread started: Ticket Readers 1-689
2026-07-27 11:27:11,102 INFO o.a.j.t.JMeterThread: Thread started: Ticket Readers 1-691
2026-07-27 11:27:11,103 INFO o.a.j.t.JMeterThread: Thread started: Ticket Readers 1-663
2026-07-27 11:27:11,105 INFO o.a.j.t.JMeterThread: Thread started: Ticket Readers 1-680
2026-07-27 11:27:11,107 INFO o.a.j.t.JMeterThread: Thread started: Ticket Readers 1-668
2026-07-27 11:27:11,108 INFO o.a.j.t.JMeterThread: Thread started: Ticket Readers 1-693
2026-07-27 11:27:11,108 INFO o.a.j.t.JMeterThread: Thread started: Ticket Readers 1-690
2026-07-27 11:27:11,112 INFO o.a.j.t.JMeterThread: Thread started: Ticket Readers 1-699
2026-07-27 11:27:11,112 INFO o.a.j.t.JMeterThread: Thread started: Ticket Readers 1-695
2026-07-27 11:27:11,114 INFO o.a.j.t.JMeterThread: Thread started: Ticket Readers 1-697
2026-07-27 11:27:11,112 INFO o.a.j.t.JMeterThread: Thread started: Ticket Readers 1-700
2026-07-27 11:27:11,117 INFO o.a.j.t.JMeterThread: Thread started: Ticket Readers 1-670
2026-07-27 11:27:11,117 INFO o.a.j.t.JMeterThread: Thread started: Ticket Readers 1-698
2026-07-27 11:27:11,117 INFO o.a.j.t.JMeterThread: Thread started: Ticket Readers 1-694
2026-07-27 11:27:11,118 INFO o.a.j.t.JMeterThread: Thread started: Ticket Readers 1-701
2026-07-27 11:27:11,118 INFO o.a.j.t.JMeterThread: Thread started: Ticket Readers 1-696
2026-07-27 11:27:11,119 INFO o.a.j.t.JMeterThread: Thread started: Ticket Readers 1-706
2026-07-27 11:27:11,119 INFO o.a.j.t.JMeterThread: Thread started: Ticket Readers 1-705
2026-07-27 11:27:11,119 INFO o.a.j.t.JMeterThread: Thread started: Ticket Readers 1-704
2026-07-27 11:27:11,120 INFO o.a.j.t.JMeterThread: Thread started: Ticket Readers 1-710
2026-07-27 11:27:11,121 INFO o.a.j.t.JMeterThread: Thread started: Ticket Readers 1-708
2026-07-27 11:27:11,125 INFO o.a.j.t.JMeterThread: Thread started: Ticket Readers 1-707
2026-07-27 11:27:11,125 INFO o.a.j.t.JMeterThread: Thread started: Ticket Readers 1-703
2026-07-27 11:27:11,125 INFO o.a.j.t.JMeterThread: Thread started: Ticket Readers 1-702
2026-07-27 11:27:11,125 INFO o.a.j.t.JMeterThread: Thread started: Ticket Readers 1-709
2026-07-27 11:27:11,133 INFO o.a.j.t.JMeterThread: Thread started: Ticket Readers 1-723
2026-07-27 11:27:11,133 INFO o.a.j.t.JMeterThread: Thread started: Ticket Readers 1-724
2026-07-27 11:27:11,135 INFO o.a.j.t.JMeterThread: Thread started: Ticket Readers 1-725
2026-07-27 11:27:11,137 INFO o.a.j.t.JMeterThread: Thread started: Ticket Readers 1-727
2026-07-27 11:27:11,139 INFO o.a.j.t.JMeterThread: Thread started: Ticket Readers 1-730
2026-07-27 11:27:11,140 INFO o.a.j.t.JMeterThread: Thread started: Ticket Readers 1-728
2026-07-27 11:27:11,140 INFO o.a.j.t.JMeterThread: Thread started: Ticket Readers 1-726
2026-07-27 11:27:11,140 INFO o.a.j.t.JMeterThread: Thread started: Ticket Readers 1-729
2026-07-27 11:27:11,142 INFO o.a.j.t.JMeterThread: Thread started: Ticket Readers 1-731
2026-07-27 11:27:11,143 INFO o.a.j.t.JMeterThread: Thread started: Ticket Readers 1-732
2026-07-27 11:27:11,146 INFO o.a.j.t.JMeterThread: Thread started: Ticket Readers 1-736
2026-07-27 11:27:11,147 INFO o.a.j.t.JMeterThread: Thread started: Ticket Readers 1-733
2026-07-27 11:27:11,149 INFO o.a.j.t.JMeterThread: Thread started: Ticket Readers 1-734
2026-07-27 11:27:11,149 INFO o.a.j.t.JMeterThread: Thread started: Ticket Readers 1-735
2026-07-27 11:27:11,150 INFO o.a.j.t.JMeterThread: Thread started: Ticket Readers 1-739
2026-07-27 11:27:11,150 INFO o.a.j.t.JMeterThread: Thread started: Ticket Readers 1-741
2026-07-27 11:27:11,151 INFO o.a.j.t.JMeterThread: Thread started: Ticket Readers 1-740
2026-07-27 11:27:11,153 INFO o.a.j.t.JMeterThread: Thread started: Ticket Readers 1-738
2026-07-27 11:27:11,154 INFO o.a.j.t.JMeterThread: Thread started: Ticket Readers 1-742
2026-07-27 11:27:11,154 INFO o.a.j.t.JMeterThread: Thread started: Ticket Readers 1-743
2026-07-27 11:27:11,156 INFO o.a.j.t.JMeterThread: Thread started: Ticket Readers 1-737
2026-07-27 11:27:11,156 INFO o.a.j.t.JMeterThread: Thread started: Ticket Readers 1-711
2026-07-27 11:27:11,157 INFO o.a.j.t.JMeterThread: Thread started: Ticket Readers 1-745
2026-07-27 11:27:11,159 INFO o.a.j.t.JMeterThread: Thread started: Ticket Readers 1-744
2026-07-27 11:27:11,158 INFO o.a.j.t.JMeterThread: Thread started: Ticket Readers 1-721
2026-07-27 11:27:11,161 INFO o.a.j.t.JMeterThread: Thread started: Ticket Readers 1-748
2026-07-27 11:27:11,162 INFO o.a.j.t.JMeterThread: Thread started: Ticket Readers 1-750
2026-07-27 11:27:11,163 INFO o.a.j.t.JMeterThread: Thread started: Ticket Readers 1-713
2026-07-27 11:27:11,164 INFO o.a.j.t.JMeterThread: Thread started: Ticket Readers 1-746
2026-07-27 11:27:11,164 INFO o.a.j.t.JMeterThread: Thread started: Ticket Readers 1-749
2026-07-27 11:27:11,164 INFO o.a.j.t.JMeterThread: Thread started: Ticket Readers 1-747
2026-07-27 11:27:11,164 INFO o.a.j.t.JMeterThread: Thread started: Ticket Readers 1-712
2026-07-27 11:27:11,165 INFO o.a.j.t.JMeterThread: Thread started: Ticket Readers 1-751
2026-07-27 11:27:11,166 INFO o.a.j.t.JMeterThread: Thread started: Ticket Readers 1-714
2026-07-27 11:27:11,166 INFO o.a.j.t.JMeterThread: Thread started: Ticket Readers 1-716
2026-07-27 11:27:11,166 INFO o.a.j.t.JMeterThread: Thread started: Ticket Readers 1-715
2026-07-27 11:27:11,168 INFO o.a.j.t.JMeterThread: Thread started: Ticket Readers 1-717
2026-07-27 11:27:11,168 INFO o.a.j.t.JMeterThread: Thread started: Ticket Readers 1-752
2026-07-27 11:27:11,169 INFO o.a.j.t.JMeterThread: Thread started: Ticket Readers 1-758
2026-07-27 11:27:11,170 INFO o.a.j.t.JMeterThread: Thread started: Ticket Readers 1-720
2026-07-27 11:27:11,170 INFO o.a.j.t.JMeterThread: Thread started: Ticket Readers 1-755
2026-07-27 11:27:11,170 INFO o.a.j.t.JMeterThread: Thread started: Ticket Readers 1-718
2026-07-27 11:27:11,170 INFO o.a.j.t.JMeterThread: Thread started: Ticket Readers 1-719
2026-07-27 11:27:11,170 INFO o.a.j.t.JMeterThread: Thread started: Ticket Readers 1-757
2026-07-27 11:27:11,172 INFO o.a.j.t.JMeterThread: Thread started: Ticket Readers 1-754
2026-07-27 11:27:11,173 INFO o.a.j.t.JMeterThread: Thread started: Ticket Readers 1-753
2026-07-27 11:27:11,173 INFO o.a.j.t.JMeterThread: Thread started: Ticket Readers 1-763
2026-07-27 11:27:11,173 INFO o.a.j.t.JMeterThread: Thread started: Ticket Readers 1-756
2026-07-27 11:27:11,173 INFO o.a.j.t.JMeterThread: Thread started: Ticket Readers 1-762
2026-07-27 11:27:11,174 INFO o.a.j.t.JMeterThread: Thread started: Ticket Readers 1-764
2026-07-27 11:27:11,175 INFO o.a.j.t.JMeterThread: Thread started: Ticket Readers 1-765
2026-07-27 11:27:11,175 INFO o.a.j.t.JMeterThread: Thread started: Ticket Readers 1-760
2026-07-27 11:27:11,175 INFO o.a.j.t.JMeterThread: Thread started: Ticket Readers 1-766
2026-07-27 11:27:11,176 INFO o.a.j.t.JMeterThread: Thread started: Ticket Readers 1-722
2026-07-27 11:27:11,176 INFO o.a.j.t.JMeterThread: Thread started: Ticket Readers 1-761
2026-07-27 11:27:11,179 INFO o.a.j.t.JMeterThread: Thread started: Ticket Readers 1-759
2026-07-27 11:27:11,180 INFO o.a.j.t.JMeterThread: Thread started: Ticket Readers 1-769
2026-07-27 11:27:11,180 INFO o.a.j.t.JMeterThread: Thread started: Ticket Readers 1-767
2026-07-27 11:27:11,182 INFO o.a.j.t.JMeterThread: Thread started: Ticket Readers 1-768
2026-07-27 11:27:11,183 INFO o.a.j.t.JMeterThread: Thread started: Ticket Readers 1-770
2026-07-27 11:27:11,183 INFO o.a.j.t.JMeterThread: Thread started: Ticket Readers 1-771
2026-07-27 11:27:11,184 INFO o.a.j.t.JMeterThread: Thread started: Ticket Readers 1-774
2026-07-27 11:27:11,185 INFO o.a.j.t.JMeterThread: Thread started: Ticket Readers 1-772
2026-07-27 11:27:11,192 INFO o.a.j.t.JMeterThread: Thread started: Ticket Readers 1-776
2026-07-27 11:27:11,196 INFO o.a.j.t.JMeterThread: Thread started: Ticket Readers 1-775
2026-07-27 11:27:11,197 INFO o.a.j.t.JMeterThread: Thread started: Ticket Readers 1-777
2026-07-27 11:27:11,197 INFO o.a.j.t.JMeterThread: Thread started: Ticket Readers 1-778
2026-07-27 11:27:11,198 INFO o.a.j.t.JMeterThread: Thread started: Ticket Readers 1-779
2026-07-27 11:27:11,201 INFO o.a.j.t.JMeterThread: Thread started: Ticket Readers 1-780
2026-07-27 11:27:11,201 INFO o.a.j.t.JMeterThread: Thread started: Ticket Readers 1-781
2026-07-27 11:27:11,203 INFO o.a.j.t.JMeterThread: Thread started: Ticket Readers 1-782
2026-07-27 11:27:11,203 INFO o.a.j.t.JMeterThread: Thread started: Ticket Readers 1-783
2026-07-27 11:27:11,203 INFO o.a.j.t.JMeterThread: Thread started: Ticket Readers 1-784
2026-07-27 11:27:11,204 INFO o.a.j.t.JMeterThread: Thread started: Ticket Readers 1-785
2026-07-27 11:27:11,204 INFO o.a.j.t.JMeterThread: Thread started: Ticket Readers 1-786
2026-07-27 11:27:11,204 INFO o.a.j.t.JMeterThread: Thread started: Ticket Readers 1-787
2026-07-27 11:27:11,205 INFO o.a.j.t.JMeterThread: Thread started: Ticket Readers 1-788
2026-07-27 11:27:11,205 INFO o.a.j.t.JMeterThread: Thread started: Ticket Readers 1-789
2026-07-27 11:27:11,205 INFO o.a.j.t.JMeterThread: Thread started: Ticket Readers 1-790
2026-07-27 11:27:11,205 INFO o.a.j.t.JMeterThread: Thread started: Ticket Readers 1-791
2026-07-27 11:27:11,206 INFO o.a.j.t.JMeterThread: Thread started: Ticket Readers 1-792
2026-07-27 11:27:11,206 INFO o.a.j.t.JMeterThread: Thread started: Ticket Readers 1-793
2026-07-27 11:27:11,206 INFO o.a.j.t.JMeterThread: Thread started: Ticket Readers 1-794
2026-07-27 11:27:11,207 INFO o.a.j.t.JMeterThread: Thread started: Ticket Readers 1-795
2026-07-27 11:27:11,208 INFO o.a.j.t.JMeterThread: Thread started: Ticket Readers 1-796
2026-07-27 11:27:11,208 INFO o.a.j.t.JMeterThread: Thread started: Ticket Readers 1-797
2026-07-27 11:27:11,208 INFO o.a.j.t.JMeterThread: Thread started: Ticket Readers 1-798
2026-07-27 11:27:11,209 INFO o.a.j.t.JMeterThread: Thread started: Ticket Readers 1-799
2026-07-27 11:27:11,209 INFO o.a.j.t.JMeterThread: Thread started: Ticket Readers 1-800
2026-07-27 11:27:11,209 INFO o.a.j.t.JMeterThread: Thread started: Ticket Readers 1-673
2026-07-27 11:27:11,209 INFO o.a.j.t.JMeterThread: Thread started: Ticket Readers 1-801
2026-07-27 11:27:11,211 INFO o.a.j.t.JMeterThread: Thread started: Ticket Readers 1-802
2026-07-27 11:27:11,211 INFO o.a.j.t.JMeterThread: Thread started: Ticket Readers 1-803
2026-07-27 11:27:11,212 INFO o.a.j.t.JMeterThread: Thread started: Ticket Readers 1-804
2026-07-27 11:27:11,219 INFO o.a.j.t.JMeterThread: Thread started: Ticket Readers 1-807
2026-07-27 11:27:11,226 INFO o.a.j.t.JMeterThread: Thread started: Ticket Readers 1-808
2026-07-27 11:27:11,227 INFO o.a.j.t.JMeterThread: Thread started: Ticket Readers 1-805
2026-07-27 11:27:11,227 INFO o.a.j.t.JMeterThread: Thread started: Ticket Readers 1-806
2026-07-27 11:27:11,227 INFO o.a.j.t.JMeterThread: Thread started: Ticket Readers 1-809
2026-07-27 11:27:11,227 INFO o.a.j.t.JMeterThread: Thread started: Ticket Readers 1-672
2026-07-27 11:27:11,228 INFO o.a.j.t.JMeterThread: Thread started: Ticket Readers 1-812
2026-07-27 11:27:11,228 INFO o.a.j.t.JMeterThread: Thread started: Ticket Readers 1-813
2026-07-27 11:27:11,229 INFO o.a.j.t.JMeterThread: Thread started: Ticket Readers 1-814
2026-07-27 11:27:11,229 INFO o.a.j.t.JMeterThread: Thread started: Ticket Readers 1-815
2026-07-27 11:27:11,229 INFO o.a.j.t.JMeterThread: Thread started: Ticket Readers 1-816
2026-07-27 11:27:11,232 INFO o.a.j.t.JMeterThread: Thread started: Ticket Readers 1-820
2026-07-27 11:27:11,228 INFO o.a.j.t.JMeterThread: Thread started: Ticket Readers 1-811
2026-07-27 11:27:11,233 INFO o.a.j.t.JMeterThread: Thread started: Ticket Readers 1-810
2026-07-27 11:27:11,235 INFO o.a.j.t.JMeterThread: Thread started: Ticket Readers 1-823
2026-07-27 11:27:11,235 INFO o.a.j.t.JMeterThread: Thread started: Ticket Readers 1-824
2026-07-27 11:27:11,235 INFO o.a.j.t.JMeterThread: Thread started: Ticket Readers 1-671
2026-07-27 11:27:11,236 INFO o.a.j.t.JMeterThread: Thread started: Ticket Readers 1-822
2026-07-27 11:27:11,236 INFO o.a.j.t.JMeterThread: Thread started: Ticket Readers 1-821
2026-07-27 11:27:11,236 INFO o.a.j.t.JMeterThread: Thread started: Ticket Readers 1-825
2026-07-27 11:27:11,236 INFO o.a.j.t.JMeterThread: Thread started: Ticket Readers 1-818
2026-07-27 11:27:11,236 INFO o.a.j.t.JMeterThread: Thread started: Ticket Readers 1-819
2026-07-27 11:27:11,236 INFO o.a.j.t.JMeterThread: Thread started: Ticket Readers 1-817
2026-07-27 11:27:11,243 INFO o.a.j.t.JMeterThread: Thread started: Ticket Readers 1-826
2026-07-27 11:27:11,243 INFO o.a.j.t.JMeterThread: Thread started: Ticket Readers 1-827
2026-07-27 11:27:11,244 INFO o.a.j.t.JMeterThread: Thread started: Ticket Readers 1-773
2026-07-27 11:27:11,246 INFO o.a.j.t.JMeterThread: Thread started: Ticket Readers 1-830
2026-07-27 11:27:11,247 INFO o.a.j.t.JMeterThread: Thread started: Ticket Readers 1-831
2026-07-27 11:27:11,247 INFO o.a.j.t.JMeterThread: Thread started: Ticket Readers 1-829
2026-07-27 11:27:11,247 INFO o.a.j.t.JMeterThread: Thread started: Ticket Readers 1-832
2026-07-27 11:27:11,248 INFO o.a.j.t.JMeterThread: Thread started: Ticket Readers 1-833
2026-07-27 11:27:11,338 INFO o.a.j.t.JMeterThread: Thread started: Ticket Readers 1-835
2026-07-27 11:27:11,345 INFO o.a.j.t.JMeterThread: Thread started: Ticket Readers 1-834
2026-07-27 11:27:11,350 INFO o.a.j.t.JMeterThread: Thread started: Ticket Readers 1-828
2026-07-27 11:27:11,373 INFO o.a.j.t.JMeterThread: Thread started: Ticket Readers 1-836
2026-07-27 11:27:11,374 INFO o.a.j.t.JMeterThread: Thread started: Ticket Readers 1-837
2026-07-27 11:27:11,379 INFO o.a.j.t.JMeterThread: Thread started: Ticket Readers 1-838
2026-07-27 11:27:11,380 INFO o.a.j.t.JMeterThread: Thread started: Ticket Readers 1-839
2026-07-27 11:27:11,381 INFO o.a.j.t.JMeterThread: Thread started: Ticket Readers 1-840
2026-07-27 11:27:11,381 INFO o.a.j.t.JMeterThread: Thread started: Ticket Readers 1-841
2026-07-27 11:27:11,388 INFO o.a.j.t.JMeterThread: Thread started: Ticket Readers 1-843
2026-07-27 11:27:11,388 INFO o.a.j.t.JMeterThread: Thread started: Ticket Readers 1-842
2026-07-27 11:27:11,389 INFO o.a.j.t.JMeterThread: Thread started: Ticket Readers 1-844
2026-07-27 11:27:11,390 INFO o.a.j.t.JMeterThread: Thread started: Ticket Readers 1-845
2026-07-27 11:27:11,411 INFO o.a.j.t.JMeterThread: Thread started: Ticket Readers 1-664
2026-07-27 11:27:11,419 INFO o.a.j.t.JMeterThread: Thread started: Ticket Readers 1-846
2026-07-27 11:27:11,439 INFO o.a.j.t.JMeterThread: Thread started: Ticket Readers 1-847
2026-07-27 11:27:11,442 INFO o.a.j.t.JMeterThread: Thread started: Ticket Readers 1-848
2026-07-27 11:27:11,442 INFO o.a.j.t.JMeterThread: Thread started: Ticket Readers 1-849
2026-07-27 11:27:11,443 INFO o.a.j.t.JMeterThread: Thread started: Ticket Readers 1-850
2026-07-27 11:27:11,446 INFO o.a.j.t.JMeterThread: Thread started: Ticket Readers 1-851
2026-07-27 11:27:11,452 INFO o.a.j.t.JMeterThread: Thread started: Ticket Readers 1-852
2026-07-27 11:27:11,456 INFO o.a.j.t.JMeterThread: Thread started: Ticket Readers 1-853
2026-07-27 11:27:11,459 INFO o.a.j.t.JMeterThread: Thread started: Ticket Readers 1-854
2026-07-27 11:27:11,460 INFO o.a.j.t.JMeterThread: Thread started: Ticket Readers 1-855
2026-07-27 11:27:11,461 INFO o.a.j.t.JMeterThread: Thread started: Ticket Readers 1-856
2026-07-27 11:27:11,462 INFO o.a.j.t.JMeterThread: Thread started: Ticket Readers 1-857
2026-07-27 11:27:11,463 INFO o.a.j.t.JMeterThread: Thread started: Ticket Readers 1-858
2026-07-27 11:27:11,464 INFO o.a.j.t.JMeterThread: Thread started: Ticket Readers 1-859
2026-07-27 11:27:11,465 INFO o.a.j.t.JMeterThread: Thread started: Ticket Readers 1-860
2026-07-27 11:27:11,468 INFO o.a.j.t.JMeterThread: Thread started: Ticket Readers 1-861
2026-07-27 11:27:11,469 INFO o.a.j.t.JMeterThread: Thread started: Ticket Readers 1-862
2026-07-27 11:27:11,470 INFO o.a.j.t.JMeterThread: Thread started: Ticket Readers 1-863
2026-07-27 11:27:11,471 INFO o.a.j.t.JMeterThread: Thread started: Ticket Readers 1-864
2026-07-27 11:27:11,472 INFO o.a.j.t.JMeterThread: Thread started: Ticket Readers 1-865
2026-07-27 11:27:11,474 INFO o.a.j.t.JMeterThread: Thread started: Ticket Readers 1-866
2026-07-27 11:27:11,474 INFO o.a.j.t.JMeterThread: Thread started: Ticket Readers 1-867
2026-07-27 11:27:11,477 INFO o.a.j.t.JMeterThread: Thread started: Ticket Readers 1-868
2026-07-27 11:27:11,478 INFO o.a.j.t.JMeterThread: Thread started: Ticket Readers 1-869
2026-07-27 11:27:11,479 INFO o.a.j.t.JMeterThread: Thread started: Ticket Readers 1-870
2026-07-27 11:27:11,481 INFO o.a.j.t.JMeterThread: Thread started: Ticket Readers 1-871
2026-07-27 11:27:11,482 INFO o.a.j.t.JMeterThread: Thread started: Ticket Readers 1-872
2026-07-27 11:27:11,484 INFO o.a.j.t.JMeterThread: Thread started: Ticket Readers 1-873
2026-07-27 11:27:11,484 INFO o.a.j.t.JMeterThread: Thread started: Ticket Readers 1-874
2026-07-27 11:27:11,486 INFO o.a.j.t.JMeterThread: Thread started: Ticket Readers 1-875
2026-07-27 11:27:11,487 INFO o.a.j.t.JMeterThread: Thread started: Ticket Readers 1-876
2026-07-27 11:27:11,488 INFO o.a.j.t.JMeterThread: Thread started: Ticket Readers 1-877
2026-07-27 11:27:11,489 INFO o.a.j.t.JMeterThread: Thread started: Ticket Readers 1-878
2026-07-27 11:27:11,490 INFO o.a.j.t.JMeterThread: Thread started: Ticket Readers 1-879
2026-07-27 11:27:11,491 INFO o.a.j.t.JMeterThread: Thread started: Ticket Readers 1-880
2026-07-27 11:27:11,491 INFO o.a.j.t.JMeterThread: Thread started: Ticket Readers 1-881
2026-07-27 11:27:11,492 INFO o.a.j.t.JMeterThread: Thread started: Ticket Readers 1-882
2026-07-27 11:27:11,492 INFO o.a.j.t.JMeterThread: Thread started: Ticket Readers 1-883
2026-07-27 11:27:11,493 INFO o.a.j.t.JMeterThread: Thread started: Ticket Readers 1-884
2026-07-27 11:27:11,494 INFO o.a.j.t.JMeterThread: Thread started: Ticket Readers 1-885
2026-07-27 11:27:11,495 INFO o.a.j.t.JMeterThread: Thread started: Ticket Readers 1-886
2026-07-27 11:27:11,498 INFO o.a.j.t.JMeterThread: Thread started: Ticket Readers 1-887
2026-07-27 11:27:11,500 INFO o.a.j.t.JMeterThread: Thread started: Ticket Readers 1-888
2026-07-27 11:27:11,501 INFO o.a.j.t.JMeterThread: Thread started: Ticket Readers 1-889
2026-07-27 11:27:11,502 INFO o.a.j.t.JMeterThread: Thread started: Ticket Readers 1-890
2026-07-27 11:27:11,503 INFO o.a.j.t.JMeterThread: Thread started: Ticket Readers 1-892
2026-07-27 11:27:11,502 INFO o.a.j.t.JMeterThread: Thread started: Ticket Readers 1-891
2026-07-27 11:27:11,503 INFO o.a.j.t.JMeterThread: Thread started: Ticket Readers 1-893
2026-07-27 11:27:11,504 INFO o.a.j.t.JMeterThread: Thread started: Ticket Readers 1-894
2026-07-27 11:27:11,504 INFO o.a.j.t.JMeterThread: Thread started: Ticket Readers 1-895
2026-07-27 11:27:11,504 INFO o.a.j.t.JMeterThread: Thread started: Ticket Readers 1-896
2026-07-27 11:27:11,505 INFO o.a.j.t.JMeterThread: Thread started: Ticket Readers 1-897
2026-07-27 11:27:11,506 INFO o.a.j.t.JMeterThread: Thread started: Ticket Readers 1-898
2026-07-27 11:27:11,506 INFO o.a.j.t.JMeterThread: Thread started: Ticket Readers 1-899
2026-07-27 11:27:11,507 INFO o.a.j.t.JMeterThread: Thread started: Ticket Readers 1-900
2026-07-27 11:27:11,507 INFO o.a.j.t.JMeterThread: Thread started: Ticket Readers 1-901
2026-07-27 11:27:11,508 INFO o.a.j.t.JMeterThread: Thread started: Ticket Readers 1-902
2026-07-27 11:27:11,509 INFO o.a.j.t.JMeterThread: Thread started: Ticket Readers 1-903
2026-07-27 11:27:11,509 INFO o.a.j.t.JMeterThread: Thread started: Ticket Readers 1-904
2026-07-27 11:27:11,511 INFO o.a.j.t.JMeterThread: Thread started: Ticket Readers 1-905
2026-07-27 11:27:11,512 INFO o.a.j.t.JMeterThread: Thread started: Ticket Readers 1-906
2026-07-27 11:27:11,512 INFO o.a.j.t.JMeterThread: Thread started: Ticket Readers 1-907
2026-07-27 11:27:11,513 INFO o.a.j.t.JMeterThread: Thread started: Ticket Readers 1-908
2026-07-27 11:27:11,514 INFO o.a.j.t.JMeterThread: Thread started: Ticket Readers 1-909
2026-07-27 11:27:11,515 INFO o.a.j.t.JMeterThread: Thread started: Ticket Readers 1-910
2026-07-27 11:27:11,515 INFO o.a.j.t.JMeterThread: Thread started: Ticket Readers 1-911
2026-07-27 11:27:11,516 INFO o.a.j.t.JMeterThread: Thread started: Ticket Readers 1-912
2026-07-27 11:27:11,516 INFO o.a.j.t.JMeterThread: Thread started: Ticket Readers 1-913
2026-07-27 11:27:11,516 INFO o.a.j.t.JMeterThread: Thread started: Ticket Readers 1-914
2026-07-27 11:27:11,518 INFO o.a.j.t.JMeterThread: Thread started: Ticket Readers 1-915
2026-07-27 11:27:11,518 INFO o.a.j.t.JMeterThread: Thread started: Ticket Readers 1-916
2026-07-27 11:27:11,520 INFO o.a.j.t.JMeterThread: Thread started: Ticket Readers 1-917
2026-07-27 11:27:11,521 INFO o.a.j.t.JMeterThread: Thread started: Ticket Readers 1-918
2026-07-27 11:27:11,522 INFO o.a.j.t.JMeterThread: Thread started: Ticket Readers 1-919
2026-07-27 11:27:11,522 INFO o.a.j.t.JMeterThread: Thread started: Ticket Readers 1-920
2026-07-27 11:27:11,523 INFO o.a.j.t.JMeterThread: Thread started: Ticket Readers 1-921
2026-07-27 11:27:11,523 INFO o.a.j.t.JMeterThread: Thread started: Ticket Readers 1-923
2026-07-27 11:27:11,523 INFO o.a.j.t.JMeterThread: Thread started: Ticket Readers 1-922
2026-07-27 11:27:11,525 INFO o.a.j.t.JMeterThread: Thread started: Ticket Readers 1-924
2026-07-27 11:27:11,526 INFO o.a.j.t.JMeterThread: Thread started: Ticket Readers 1-925
2026-07-27 11:27:11,526 INFO o.a.j.t.JMeterThread: Thread started: Ticket Readers 1-926
2026-07-27 11:27:11,526 INFO o.a.j.t.JMeterThread: Thread started: Ticket Readers 1-927
2026-07-27 11:27:11,527 INFO o.a.j.t.JMeterThread: Thread started: Ticket Readers 1-928
2026-07-27 11:27:11,528 INFO o.a.j.t.JMeterThread: Thread started: Ticket Readers 1-929
2026-07-27 11:27:11,529 INFO o.a.j.t.JMeterThread: Thread started: Ticket Readers 1-930
2026-07-27 11:27:11,530 INFO o.a.j.t.JMeterThread: Thread started: Ticket Readers 1-931
2026-07-27 11:27:11,530 INFO o.a.j.t.JMeterThread: Thread started: Ticket Readers 1-932
2026-07-27 11:27:11,531 INFO o.a.j.t.JMeterThread: Thread started: Ticket Readers 1-933
2026-07-27 11:27:11,532 INFO o.a.j.t.JMeterThread: Thread started: Ticket Readers 1-934
2026-07-27 11:27:11,533 INFO o.a.j.t.JMeterThread: Thread started: Ticket Readers 1-935
2026-07-27 11:27:11,533 INFO o.a.j.t.JMeterThread: Thread started: Ticket Readers 1-936
2026-07-27 11:27:11,534 INFO o.a.j.t.JMeterThread: Thread started: Ticket Readers 1-937
2026-07-27 11:27:11,534 INFO o.a.j.t.JMeterThread: Thread started: Ticket Readers 1-938
2026-07-27 11:27:11,535 INFO o.a.j.t.JMeterThread: Thread started: Ticket Readers 1-939
2026-07-27 11:27:11,535 INFO o.a.j.t.JMeterThread: Thread started: Ticket Readers 1-940
2026-07-27 11:27:11,536 INFO o.a.j.t.JMeterThread: Thread started: Ticket Readers 1-941
2026-07-27 11:27:11,537 INFO o.a.j.t.JMeterThread: Thread started: Ticket Readers 1-942
2026-07-27 11:27:11,537 INFO o.a.j.t.JMeterThread: Thread started: Ticket Readers 1-943
2026-07-27 11:27:11,538 INFO o.a.j.t.JMeterThread: Thread started: Ticket Readers 1-944
2026-07-27 11:27:11,538 INFO o.a.j.t.JMeterThread: Thread started: Ticket Readers 1-945
2026-07-27 11:27:11,538 INFO o.a.j.t.JMeterThread: Thread started: Ticket Readers 1-946
2026-07-27 11:27:11,539 INFO o.a.j.t.JMeterThread: Thread started: Ticket Readers 1-947
2026-07-27 11:27:11,539 INFO o.a.j.t.JMeterThread: Thread started: Ticket Readers 1-948
2026-07-27 11:27:11,539 INFO o.a.j.t.JMeterThread: Thread started: Ticket Readers 1-949
2026-07-27 11:27:11,540 INFO o.a.j.t.JMeterThread: Thread started: Ticket Readers 1-950
2026-07-27 11:27:11,541 INFO o.a.j.t.JMeterThread: Thread started: Ticket Readers 1-951
2026-07-27 11:27:11,542 INFO o.a.j.t.JMeterThread: Thread started: Ticket Readers 1-952
2026-07-27 11:27:11,542 INFO o.a.j.t.JMeterThread: Thread started: Ticket Readers 1-953
2026-07-27 11:27:11,542 INFO o.a.j.t.JMeterThread: Thread started: Ticket Readers 1-954
2026-07-27 11:27:11,543 INFO o.a.j.t.JMeterThread: Thread started: Ticket Readers 1-955
2026-07-27 11:27:11,544 INFO o.a.j.t.JMeterThread: Thread started: Ticket Readers 1-956
2026-07-27 11:27:11,545 INFO o.a.j.t.JMeterThread: Thread started: Ticket Readers 1-957
2026-07-27 11:27:11,545 INFO o.a.j.t.JMeterThread: Thread started: Ticket Readers 1-958
2026-07-27 11:27:11,546 INFO o.a.j.t.JMeterThread: Thread started: Ticket Readers 1-959
2026-07-27 11:27:11,547 INFO o.a.j.t.JMeterThread: Thread started: Ticket Readers 1-960
2026-07-27 11:27:11,547 INFO o.a.j.t.JMeterThread: Thread started: Ticket Readers 1-961
2026-07-27 11:27:11,549 INFO o.a.j.t.JMeterThread: Thread started: Ticket Readers 1-962
2026-07-27 11:27:11,549 INFO o.a.j.t.JMeterThread: Thread started: Ticket Readers 1-963
2026-07-27 11:27:11,550 INFO o.a.j.t.JMeterThread: Thread started: Ticket Readers 1-964
2026-07-27 11:27:11,550 INFO o.a.j.t.JMeterThread: Thread started: Ticket Readers 1-965
2026-07-27 11:27:11,551 INFO o.a.j.t.JMeterThread: Thread started: Ticket Readers 1-966
2026-07-27 11:27:11,551 INFO o.a.j.t.JMeterThread: Thread started: Ticket Readers 1-967
2026-07-27 11:27:11,551 INFO o.a.j.t.JMeterThread: Thread started: Ticket Readers 1-968
2026-07-27 11:27:11,552 INFO o.a.j.t.JMeterThread: Thread started: Ticket Readers 1-969
2026-07-27 11:27:11,552 INFO o.a.j.t.JMeterThread: Thread started: Ticket Readers 1-970
2026-07-27 11:27:11,553 INFO o.a.j.t.JMeterThread: Thread started: Ticket Readers 1-971
2026-07-27 11:27:11,553 INFO o.a.j.t.JMeterThread: Thread started: Ticket Readers 1-972
2026-07-27 11:27:11,554 INFO o.a.j.t.JMeterThread: Thread started: Ticket Readers 1-973
2026-07-27 11:27:11,555 INFO o.a.j.t.JMeterThread: Thread started: Ticket Readers 1-974
2026-07-27 11:27:11,556 INFO o.a.j.t.JMeterThread: Thread started: Ticket Readers 1-975
2026-07-27 11:27:11,557 INFO o.a.j.t.JMeterThread: Thread started: Ticket Readers 1-976
2026-07-27 11:27:11,557 INFO o.a.j.t.JMeterThread: Thread started: Ticket Readers 1-977
2026-07-27 11:27:11,557 INFO o.a.j.t.JMeterThread: Thread started: Ticket Readers 1-978
2026-07-27 11:27:11,558 INFO o.a.j.t.JMeterThread: Thread started: Ticket Readers 1-979
2026-07-27 11:27:11,559 INFO o.a.j.t.JMeterThread: Thread started: Ticket Readers 1-980
2026-07-27 11:27:11,560 INFO o.a.j.t.JMeterThread: Thread started: Ticket Readers 1-981
2026-07-27 11:27:11,560 INFO o.a.j.t.JMeterThread: Thread started: Ticket Readers 1-982
2026-07-27 11:27:11,561 INFO o.a.j.t.JMeterThread: Thread started: Ticket Readers 1-983
2026-07-27 11:27:11,562 INFO o.a.j.t.JMeterThread: Thread started: Ticket Readers 1-984
2026-07-27 11:27:11,564 INFO o.a.j.t.JMeterThread: Thread started: Ticket Readers 1-985
2026-07-27 11:27:11,567 INFO o.a.j.t.JMeterThread: Thread started: Ticket Readers 1-986
2026-07-27 11:27:11,567 INFO o.a.j.t.JMeterThread: Thread started: Ticket Readers 1-987
2026-07-27 11:27:11,568 INFO o.a.j.t.JMeterThread: Thread started: Ticket Readers 1-988
2026-07-27 11:27:11,568 INFO o.a.j.t.JMeterThread: Thread started: Ticket Readers 1-989
2026-07-27 11:27:11,569 INFO o.a.j.t.JMeterThread: Thread started: Ticket Readers 1-990
2026-07-27 11:27:11,570 INFO o.a.j.t.JMeterThread: Thread started: Ticket Readers 1-991
2026-07-27 11:27:11,570 INFO o.a.j.t.JMeterThread: Thread started: Ticket Readers 1-992
2026-07-27 11:27:11,570 INFO o.a.j.t.JMeterThread: Thread started: Ticket Readers 1-993
2026-07-27 11:27:11,571 INFO o.a.j.t.JMeterThread: Thread started: Ticket Readers 1-994
2026-07-27 11:27:11,572 INFO o.a.j.t.JMeterThread: Thread started: Ticket Readers 1-995
2026-07-27 11:27:11,574 INFO o.a.j.t.JMeterThread: Thread started: Ticket Readers 1-996
2026-07-27 11:27:11,593 INFO o.a.j.t.JMeterThread: Thread started: Ticket Readers 1-997
2026-07-27 11:27:11,595 INFO o.a.j.t.JMeterThread: Thread started: Ticket Readers 1-998
2026-07-27 11:27:11,595 INFO o.a.j.t.JMeterThread: Thread started: Ticket Readers 1-999
2026-07-27 11:27:11,598 INFO o.a.j.t.ThreadGroup: Started thread group number 1
2026-07-27 11:27:11,598 INFO o.a.j.e.StandardJMeterEngine: All thread groups have been started
2026-07-27 11:27:11,599 INFO o.a.j.t.JMeterThread: Thread started: Ticket Readers 1-1000
2026-07-27 11:27:30,011 INFO o.a.j.r.Summariser: summary +  29532 in 00:00:20 = 1506.4/s Avg:   595 Min:    22 Max:  4730 Err:   411 (1.39%) Active: 1000 Started: 1000 Finished: 0
2026-07-27 11:27:40,244 INFO o.a.j.t.JMeterThread: Thread finished: Ticket Readers 1-16
2026-07-27 11:27:40,254 INFO o.a.j.t.JMeterThread: Thread finished: Ticket Readers 1-30
2026-07-27 11:27:40,265 INFO o.a.j.t.JMeterThread: Thread finished: Ticket Readers 1-109
2026-07-27 11:27:40,273 INFO o.a.j.t.JMeterThread: Thread finished: Ticket Readers 1-93
2026-07-27 11:27:40,278 INFO o.a.j.t.JMeterThread: Thread finished: Ticket Readers 1-34
2026-07-27 11:27:40,284 INFO o.a.j.t.JMeterThread: Thread finished: Ticket Readers 1-177
2026-07-27 11:27:40,288 INFO o.a.j.t.JMeterThread: Thread finished: Ticket Readers 1-27
2026-07-27 11:27:40,289 INFO o.a.j.t.JMeterThread: Thread finished: Ticket Readers 1-46
2026-07-27 11:27:40,290 INFO o.a.j.t.JMeterThread: Thread finished: Ticket Readers 1-143
2026-07-27 11:27:40,294 INFO o.a.j.t.JMeterThread: Thread finished: Ticket Readers 1-251
2026-07-27 11:27:40,299 INFO o.a.j.t.JMeterThread: Thread finished: Ticket Readers 1-162
2026-07-27 11:27:40,302 INFO o.a.j.t.JMeterThread: Thread finished: Ticket Readers 1-90
2026-07-27 11:27:40,303 INFO o.a.j.t.JMeterThread: Thread finished: Ticket Readers 1-55
2026-07-27 11:27:40,306 INFO o.a.j.t.JMeterThread: Thread finished: Ticket Readers 1-97
2026-07-27 11:27:40,309 INFO o.a.j.t.JMeterThread: Thread finished: Ticket Readers 1-69
2026-07-27 11:27:40,313 INFO o.a.j.t.JMeterThread: Thread finished: Ticket Readers 1-121
2026-07-27 11:27:40,313 INFO o.a.j.t.JMeterThread: Thread finished: Ticket Readers 1-244
2026-07-27 11:27:40,314 INFO o.a.j.t.JMeterThread: Thread finished: Ticket Readers 1-31
2026-07-27 11:27:40,314 INFO o.a.j.t.JMeterThread: Thread finished: Ticket Readers 1-139
2026-07-27 11:27:40,314 INFO o.a.j.t.JMeterThread: Thread finished: Ticket Readers 1-164
2026-07-27 11:27:40,317 INFO o.a.j.t.JMeterThread: Thread finished: Ticket Readers 1-145
2026-07-27 11:27:40,323 INFO o.a.j.t.JMeterThread: Thread finished: Ticket Readers 1-206
2026-07-27 11:27:40,323 INFO o.a.j.t.JMeterThread: Thread finished: Ticket Readers 1-22
2026-07-27 11:27:40,324 INFO o.a.j.t.JMeterThread: Thread finished: Ticket Readers 1-329
2026-07-27 11:27:40,324 INFO o.a.j.t.JMeterThread: Thread finished: Ticket Readers 1-308
2026-07-27 11:27:40,325 INFO o.a.j.t.JMeterThread: Thread finished: Ticket Readers 1-252
2026-07-27 11:27:40,325 INFO o.a.j.t.JMeterThread: Thread finished: Ticket Readers 1-68
2026-07-27 11:27:40,327 INFO o.a.j.t.JMeterThread: Thread finished: Ticket Readers 1-291
2026-07-27 11:27:40,332 INFO o.a.j.t.JMeterThread: Thread finished: Ticket Readers 1-261
2026-07-27 11:27:40,332 INFO o.a.j.t.JMeterThread: Thread finished: Ticket Readers 1-195
2026-07-27 11:27:40,332 INFO o.a.j.t.JMeterThread: Thread finished: Ticket Readers 1-89
2026-07-27 11:27:40,333 INFO o.a.j.t.JMeterThread: Thread finished: Ticket Readers 1-170
2026-07-27 11:27:40,337 INFO o.a.j.t.JMeterThread: Thread finished: Ticket Readers 1-254
2026-07-27 11:27:40,340 INFO o.a.j.t.JMeterThread: Thread finished: Ticket Readers 1-294
2026-07-27 11:27:40,340 INFO o.a.j.t.JMeterThread: Thread finished: Ticket Readers 1-288
2026-07-27 11:27:40,341 INFO o.a.j.t.JMeterThread: Thread finished: Ticket Readers 1-101
2026-07-27 11:27:40,341 INFO o.a.j.t.JMeterThread: Thread finished: Ticket Readers 1-383
2026-07-27 11:27:40,342 INFO o.a.j.t.JMeterThread: Thread finished: Ticket Readers 1-125
2026-07-27 11:27:40,343 INFO o.a.j.t.JMeterThread: Thread finished: Ticket Readers 1-374
2026-07-27 11:27:40,353 INFO o.a.j.t.JMeterThread: Thread finished: Ticket Readers 1-296
2026-07-27 11:27:40,354 INFO o.a.j.t.JMeterThread: Thread finished: Ticket Readers 1-353
2026-07-27 11:27:40,354 INFO o.a.j.t.JMeterThread: Thread finished: Ticket Readers 1-263
2026-07-27 11:27:40,355 INFO o.a.j.t.JMeterThread: Thread finished: Ticket Readers 1-253
2026-07-27 11:27:40,355 INFO o.a.j.t.JMeterThread: Thread finished: Ticket Readers 1-247
2026-07-27 11:27:40,357 INFO o.a.j.t.JMeterThread: Thread finished: Ticket Readers 1-326
2026-07-27 11:27:40,358 INFO o.a.j.t.JMeterThread: Thread finished: Ticket Readers 1-15
2026-07-27 11:27:40,359 INFO o.a.j.t.JMeterThread: Thread finished: Ticket Readers 1-318
2026-07-27 11:27:40,359 INFO o.a.j.t.JMeterThread: Thread finished: Ticket Readers 1-348
2026-07-27 11:27:40,362 INFO o.a.j.t.JMeterThread: Thread finished: Ticket Readers 1-333
2026-07-27 11:27:40,369 INFO o.a.j.t.JMeterThread: Thread finished: Ticket Readers 1-309
2026-07-27 11:27:40,373 INFO o.a.j.t.JMeterThread: Thread finished: Ticket Readers 1-191
2026-07-27 11:27:40,374 INFO o.a.j.t.JMeterThread: Thread finished: Ticket Readers 1-345
2026-07-27 11:27:40,385 INFO o.a.j.t.JMeterThread: Thread finished: Ticket Readers 1-171
2026-07-27 11:27:40,390 INFO o.a.j.t.JMeterThread: Thread finished: Ticket Readers 1-107
2026-07-27 11:27:40,394 INFO o.a.j.t.JMeterThread: Thread finished: Ticket Readers 1-652
2026-07-27 11:27:40,402 INFO o.a.j.t.JMeterThread: Thread finished: Ticket Readers 1-596
2026-07-27 11:27:40,404 INFO o.a.j.t.JMeterThread: Thread finished: Ticket Readers 1-494
2026-07-27 11:27:40,406 INFO o.a.j.t.JMeterThread: Thread finished: Ticket Readers 1-259
2026-07-27 11:27:40,406 INFO o.a.j.t.JMeterThread: Thread finished: Ticket Readers 1-135
2026-07-27 11:27:40,406 INFO o.a.j.t.JMeterThread: Thread finished: Ticket Readers 1-474
2026-07-27 11:27:40,408 INFO o.a.j.t.JMeterThread: Thread finished: Ticket Readers 1-184
2026-07-27 11:27:40,409 INFO o.a.j.t.JMeterThread: Thread finished: Ticket Readers 1-370
2026-07-27 11:27:40,410 INFO o.a.j.t.JMeterThread: Thread finished: Ticket Readers 1-598
2026-07-27 11:27:40,410 INFO o.a.j.t.JMeterThread: Thread finished: Ticket Readers 1-128
2026-07-27 11:27:40,415 INFO o.a.j.t.JMeterThread: Thread finished: Ticket Readers 1-627
2026-07-27 11:27:40,416 INFO o.a.j.t.JMeterThread: Thread finished: Ticket Readers 1-577
2026-07-27 11:27:40,417 INFO o.a.j.t.JMeterThread: Thread finished: Ticket Readers 1-179
2026-07-27 11:27:40,419 INFO o.a.j.t.JMeterThread: Stopping because end time detected by thread: Ticket Readers 1-9
2026-07-27 11:27:40,420 INFO o.a.j.t.JMeterThread: Thread finished: Ticket Readers 1-9
2026-07-27 11:27:40,422 INFO o.a.j.t.JMeterThread: Thread finished: Ticket Readers 1-297
2026-07-27 11:27:40,424 INFO o.a.j.t.JMeterThread: Thread finished: Ticket Readers 1-354
2026-07-27 11:27:40,424 INFO o.a.j.t.JMeterThread: Stopping because end time detected by thread: Ticket Readers 1-21
2026-07-27 11:27:40,425 INFO o.a.j.t.JMeterThread: Thread finished: Ticket Readers 1-21
2026-07-27 11:27:40,429 INFO o.a.j.t.JMeterThread: Thread finished: Ticket Readers 1-478
2026-07-27 11:27:40,430 INFO o.a.j.t.JMeterThread: Stopping because end time detected by thread: Ticket Readers 1-41
2026-07-27 11:27:40,431 INFO o.a.j.t.JMeterThread: Thread finished: Ticket Readers 1-41
2026-07-27 11:27:40,431 INFO o.a.j.t.JMeterThread: Stopping because end time detected by thread: Ticket Readers 1-35
2026-07-27 11:27:40,431 INFO o.a.j.t.JMeterThread: Thread finished: Ticket Readers 1-35
2026-07-27 11:27:40,431 INFO o.a.j.t.JMeterThread: Thread finished: Ticket Readers 1-190
2026-07-27 11:27:40,432 INFO o.a.j.t.JMeterThread: Thread finished: Ticket Readers 1-657
2026-07-27 11:27:40,432 INFO o.a.j.t.JMeterThread: Stopping because end time detected by thread: Ticket Readers 1-40
2026-07-27 11:27:40,432 INFO o.a.j.t.JMeterThread: Thread finished: Ticket Readers 1-40
2026-07-27 11:27:40,435 INFO o.a.j.t.JMeterThread: Stopping because end time detected by thread: Ticket Readers 1-71
2026-07-27 11:27:40,435 INFO o.a.j.t.JMeterThread: Thread finished: Ticket Readers 1-71
2026-07-27 11:27:40,435 INFO o.a.j.t.JMeterThread: Stopping because end time detected by thread: Ticket Readers 1-64
2026-07-27 11:27:40,435 INFO o.a.j.t.JMeterThread: Thread finished: Ticket Readers 1-64
2026-07-27 11:27:40,438 INFO o.a.j.t.JMeterThread: Thread finished: Ticket Readers 1-584
2026-07-27 11:27:40,439 INFO o.a.j.t.JMeterThread: Thread finished: Ticket Readers 1-516
2026-07-27 11:27:40,440 INFO o.a.j.t.JMeterThread: Stopping because end time detected by thread: Ticket Readers 1-52
2026-07-27 11:27:40,440 INFO o.a.j.t.JMeterThread: Thread finished: Ticket Readers 1-52
2026-07-27 11:27:40,441 INFO o.a.j.t.JMeterThread: Thread finished: Ticket Readers 1-649
2026-07-27 11:27:40,443 INFO o.a.j.t.JMeterThread: Thread finished: Ticket Readers 1-156
2026-07-27 11:27:40,443 INFO o.a.j.t.JMeterThread: Thread finished: Ticket Readers 1-512
2026-07-27 11:27:40,445 INFO o.a.j.t.JMeterThread: Stopping because end time detected by thread: Ticket Readers 1-141
2026-07-27 11:27:40,446 INFO o.a.j.t.JMeterThread: Thread finished: Ticket Readers 1-141
2026-07-27 11:27:40,446 INFO o.a.j.t.JMeterThread: Thread finished: Ticket Readers 1-306
2026-07-27 11:27:40,447 INFO o.a.j.t.JMeterThread: Stopping because end time detected by thread: Ticket Readers 1-113
2026-07-27 11:27:40,447 INFO o.a.j.t.JMeterThread: Thread finished: Ticket Readers 1-113
2026-07-27 11:27:40,447 INFO o.a.j.t.JMeterThread: Thread finished: Ticket Readers 1-642
2026-07-27 11:27:40,453 INFO o.a.j.t.JMeterThread: Stopping because end time detected by thread: Ticket Readers 1-74
2026-07-27 11:27:40,453 INFO o.a.j.t.JMeterThread: Stopping because end time detected by thread: Ticket Readers 1-124
2026-07-27 11:27:40,453 INFO o.a.j.t.JMeterThread: Thread finished: Ticket Readers 1-124
2026-07-27 11:27:40,453 INFO o.a.j.t.JMeterThread: Thread finished: Ticket Readers 1-74
2026-07-27 11:27:40,457 INFO o.a.j.t.JMeterThread: Stopping because end time detected by thread: Ticket Readers 1-158
2026-07-27 11:27:40,458 INFO o.a.j.t.JMeterThread: Thread finished: Ticket Readers 1-158
2026-07-27 11:27:40,459 INFO o.a.j.t.JMeterThread: Stopping because end time detected by thread: Ticket Readers 1-198
2026-07-27 11:27:40,459 INFO o.a.j.t.JMeterThread: Stopping because end time detected by thread: Ticket Readers 1-151
2026-07-27 11:27:40,459 INFO o.a.j.t.JMeterThread: Thread finished: Ticket Readers 1-151
2026-07-27 11:27:40,459 INFO o.a.j.t.JMeterThread: Thread finished: Ticket Readers 1-198
2026-07-27 11:27:40,461 INFO o.a.j.t.JMeterThread: Thread finished: Ticket Readers 1-643
2026-07-27 11:27:40,463 INFO o.a.j.t.JMeterThread: Stopping because end time detected by thread: Ticket Readers 1-243
2026-07-27 11:27:40,463 INFO o.a.j.t.JMeterThread: Thread finished: Ticket Readers 1-243
2026-07-27 11:27:40,465 INFO o.a.j.t.JMeterThread: Stopping because end time detected by thread: Ticket Readers 1-28
2026-07-27 11:27:40,465 INFO o.a.j.t.JMeterThread: Thread finished: Ticket Readers 1-28
2026-07-27 11:27:40,465 INFO o.a.j.t.JMeterThread: Stopping because end time detected by thread: Ticket Readers 1-226
2026-07-27 11:27:40,465 INFO o.a.j.t.JMeterThread: Stopping because end time detected by thread: Ticket Readers 1-95
2026-07-27 11:27:40,465 INFO o.a.j.t.JMeterThread: Thread finished: Ticket Readers 1-95
2026-07-27 11:27:40,465 INFO o.a.j.t.JMeterThread: Thread finished: Ticket Readers 1-226
2026-07-27 11:27:40,466 INFO o.a.j.t.JMeterThread: Stopping because end time detected by thread: Ticket Readers 1-14
2026-07-27 11:27:40,466 INFO o.a.j.t.JMeterThread: Thread finished: Ticket Readers 1-14
2026-07-27 11:27:40,469 INFO o.a.j.t.JMeterThread: Stopping because end time detected by thread: Ticket Readers 1-61
2026-07-27 11:27:40,469 INFO o.a.j.t.JMeterThread: Thread finished: Ticket Readers 1-61
2026-07-27 11:27:40,469 INFO o.a.j.t.JMeterThread: Thread finished: Ticket Readers 1-650
2026-07-27 11:27:40,470 INFO o.a.j.t.JMeterThread: Stopping because end time detected by thread: Ticket Readers 1-149
2026-07-27 11:27:40,470 INFO o.a.j.t.JMeterThread: Thread finished: Ticket Readers 1-149
2026-07-27 11:27:40,470 INFO o.a.j.t.JMeterThread: Stopping because end time detected by thread: Ticket Readers 1-119
2026-07-27 11:27:40,470 INFO o.a.j.t.JMeterThread: Thread finished: Ticket Readers 1-119
2026-07-27 11:27:40,471 INFO o.a.j.t.JMeterThread: Stopping because end time detected by thread: Ticket Readers 1-289
2026-07-27 11:27:40,471 INFO o.a.j.t.JMeterThread: Thread finished: Ticket Readers 1-289
2026-07-27 11:27:40,471 INFO o.a.j.t.JMeterThread: Stopping because end time detected by thread: Ticket Readers 1-237
2026-07-27 11:27:40,472 INFO o.a.j.t.JMeterThread: Thread finished: Ticket Readers 1-237
2026-07-27 11:27:40,472 INFO o.a.j.t.JMeterThread: Stopping because end time detected by thread: Ticket Readers 1-108
2026-07-27 11:27:40,472 INFO o.a.j.t.JMeterThread: Thread finished: Ticket Readers 1-108
2026-07-27 11:27:40,473 INFO o.a.j.t.JMeterThread: Stopping because end time detected by thread: Ticket Readers 1-305
2026-07-27 11:27:40,473 INFO o.a.j.t.JMeterThread: Thread finished: Ticket Readers 1-305
2026-07-27 11:27:40,473 INFO o.a.j.t.JMeterThread: Thread finished: Ticket Readers 1-449
2026-07-27 11:27:40,474 INFO o.a.j.t.JMeterThread: Stopping because end time detected by thread: Ticket Readers 1-324
2026-07-27 11:27:40,474 INFO o.a.j.t.JMeterThread: Thread finished: Ticket Readers 1-498
2026-07-27 11:27:40,474 INFO o.a.j.t.JMeterThread: Thread finished: Ticket Readers 1-324
2026-07-27 11:27:40,474 INFO o.a.j.t.JMeterThread: Stopping because end time detected by thread: Ticket Readers 1-269
2026-07-27 11:27:40,474 INFO o.a.j.t.JMeterThread: Thread finished: Ticket Readers 1-269
2026-07-27 11:27:40,475 INFO o.a.j.t.JMeterThread: Stopping because end time detected by thread: Ticket Readers 1-283
2026-07-27 11:27:40,475 INFO o.a.j.t.JMeterThread: Thread finished: Ticket Readers 1-283
2026-07-27 11:27:40,477 INFO o.a.j.t.JMeterThread: Thread finished: Ticket Readers 1-379
2026-07-27 11:27:40,477 INFO o.a.j.t.JMeterThread: Stopping because end time detected by thread: Ticket Readers 1-85
2026-07-27 11:27:40,477 INFO o.a.j.t.JMeterThread: Thread finished: Ticket Readers 1-85
2026-07-27 11:27:40,477 INFO o.a.j.t.JMeterThread: Stopping because end time detected by thread: Ticket Readers 1-79
2026-07-27 11:27:40,477 INFO o.a.j.t.JMeterThread: Thread finished: Ticket Readers 1-79
2026-07-27 11:27:40,478 INFO o.a.j.t.JMeterThread: Thread finished: Ticket Readers 1-618
2026-07-27 11:27:40,478 INFO o.a.j.t.JMeterThread: Stopping because end time detected by thread: Ticket Readers 1-33
2026-07-27 11:27:40,477 INFO o.a.j.t.JMeterThread: Thread finished: Ticket Readers 1-445
2026-07-27 11:27:40,478 INFO o.a.j.t.JMeterThread: Stopping because end time detected by thread: Ticket Readers 1-200
2026-07-27 11:27:40,478 INFO o.a.j.t.JMeterThread: Thread finished: Ticket Readers 1-200
2026-07-27 11:27:40,478 INFO o.a.j.t.JMeterThread: Thread finished: Ticket Readers 1-33
2026-07-27 11:27:40,479 INFO o.a.j.t.JMeterThread: Stopping because end time detected by thread: Ticket Readers 1-340
2026-07-27 11:27:40,480 INFO o.a.j.t.JMeterThread: Thread finished: Ticket Readers 1-340
2026-07-27 11:27:40,480 INFO o.a.j.t.JMeterThread: Thread finished: Ticket Readers 1-578
2026-07-27 11:27:40,480 INFO o.a.j.t.JMeterThread: Thread finished: Ticket Readers 1-620
2026-07-27 11:27:40,482 INFO o.a.j.t.JMeterThread: Stopping because end time detected by thread: Ticket Readers 1-223
2026-07-27 11:27:40,482 INFO o.a.j.t.JMeterThread: Thread finished: Ticket Readers 1-223
2026-07-27 11:27:40,485 INFO o.a.j.t.JMeterThread: Thread finished: Ticket Readers 1-654
2026-07-27 11:27:40,485 INFO o.a.j.t.JMeterThread: Stopping because end time detected by thread: Ticket Readers 1-136
2026-07-27 11:27:40,485 INFO o.a.j.t.JMeterThread: Thread finished: Ticket Readers 1-136
2026-07-27 11:27:40,486 INFO o.a.j.t.JMeterThread: Stopping because end time detected by thread: Ticket Readers 1-153
2026-07-27 11:27:40,486 INFO o.a.j.t.JMeterThread: Thread finished: Ticket Readers 1-153
2026-07-27 11:27:40,487 INFO o.a.j.t.JMeterThread: Stopping because end time detected by thread: Ticket Readers 1-203
2026-07-27 11:27:40,487 INFO o.a.j.t.JMeterThread: Thread finished: Ticket Readers 1-203
2026-07-27 11:27:40,487 INFO o.a.j.t.JMeterThread: Stopping because end time detected by thread: Ticket Readers 1-212
2026-07-27 11:27:40,487 INFO o.a.j.t.JMeterThread: Thread finished: Ticket Readers 1-212
2026-07-27 11:27:40,488 INFO o.a.j.t.JMeterThread: Thread finished: Ticket Readers 1-469
2026-07-27 11:27:40,488 INFO o.a.j.t.JMeterThread: Stopping because end time detected by thread: Ticket Readers 1-37
2026-07-27 11:27:40,488 INFO o.a.j.t.JMeterThread: Thread finished: Ticket Readers 1-37
2026-07-27 11:27:40,491 INFO o.a.j.t.JMeterThread: Stopping because end time detected by thread: Ticket Readers 1-362
2026-07-27 11:27:40,491 INFO o.a.j.t.JMeterThread: Thread finished: Ticket Readers 1-362
2026-07-27 11:27:40,494 INFO o.a.j.t.JMeterThread: Stopping because end time detected by thread: Ticket Readers 1-63
2026-07-27 11:27:40,494 INFO o.a.j.t.JMeterThread: Thread finished: Ticket Readers 1-63
2026-07-27 11:27:40,494 INFO o.a.j.t.JMeterThread: Stopping because end time detected by thread: Ticket Readers 1-25
2026-07-27 11:27:40,494 INFO o.a.j.t.JMeterThread: Thread finished: Ticket Readers 1-25
2026-07-27 11:27:40,494 INFO o.a.j.t.JMeterThread: Thread finished: Ticket Readers 1-660
2026-07-27 11:27:40,495 INFO o.a.j.t.JMeterThread: Stopping because end time detected by thread: Ticket Readers 1-231
2026-07-27 11:27:40,495 INFO o.a.j.t.JMeterThread: Thread finished: Ticket Readers 1-231
2026-07-27 11:27:40,495 INFO o.a.j.t.JMeterThread: Thread finished: Ticket Readers 1-610
2026-07-27 11:27:40,499 INFO o.a.j.t.JMeterThread: Stopping because end time detected by thread: Ticket Readers 1-428
2026-07-27 11:27:40,499 INFO o.a.j.t.JMeterThread: Thread finished: Ticket Readers 1-428
2026-07-27 11:27:40,499 INFO o.a.j.t.JMeterThread: Stopping because end time detected by thread: Ticket Readers 1-82
2026-07-27 11:27:40,499 INFO o.a.j.t.JMeterThread: Thread finished: Ticket Readers 1-82
2026-07-27 11:27:40,501 INFO o.a.j.t.JMeterThread: Stopping because end time detected by thread: Ticket Readers 1-44
2026-07-27 11:27:40,501 INFO o.a.j.t.JMeterThread: Thread finished: Ticket Readers 1-44
2026-07-27 11:27:40,502 INFO o.a.j.t.JMeterThread: Stopping because end time detected by thread: Ticket Readers 1-39
2026-07-27 11:27:40,502 INFO o.a.j.t.JMeterThread: Thread finished: Ticket Readers 1-39
2026-07-27 11:27:40,502 INFO o.a.j.t.JMeterThread: Stopping because end time detected by thread: Ticket Readers 1-417
2026-07-27 11:27:40,502 INFO o.a.j.t.JMeterThread: Thread finished: Ticket Readers 1-417
2026-07-27 11:27:40,504 INFO o.a.j.t.JMeterThread: Stopping because end time detected by thread: Ticket Readers 1-295
2026-07-27 11:27:40,504 INFO o.a.j.t.JMeterThread: Thread finished: Ticket Readers 1-295
2026-07-27 11:27:40,504 INFO o.a.j.t.JMeterThread: Stopping because end time detected by thread: Ticket Readers 1-279
2026-07-27 11:27:40,504 INFO o.a.j.t.JMeterThread: Thread finished: Ticket Readers 1-279
2026-07-27 11:27:40,504 INFO o.a.j.t.JMeterThread: Stopping because end time detected by thread: Ticket Readers 1-84
2026-07-27 11:27:40,505 INFO o.a.j.t.JMeterThread: Thread finished: Ticket Readers 1-84
2026-07-27 11:27:40,506 INFO o.a.j.t.JMeterThread: Stopping because end time detected by thread: Ticket Readers 1-330
2026-07-27 11:27:40,507 INFO o.a.j.t.JMeterThread: Thread finished: Ticket Readers 1-330
2026-07-27 11:27:40,507 INFO o.a.j.t.JMeterThread: Stopping because end time detected by thread: Ticket Readers 1-8
2026-07-27 11:27:40,508 INFO o.a.j.t.JMeterThread: Thread finished: Ticket Readers 1-8
2026-07-27 11:27:40,508 INFO o.a.j.t.JMeterThread: Stopping because end time detected by thread: Ticket Readers 1-20
2026-07-27 11:27:40,508 INFO o.a.j.t.JMeterThread: Thread finished: Ticket Readers 1-20
2026-07-27 11:27:40,510 INFO o.a.j.t.JMeterThread: Stopping because end time detected by thread: Ticket Readers 1-361
2026-07-27 11:27:40,510 INFO o.a.j.t.JMeterThread: Stopping because end time detected by thread: Ticket Readers 1-166
2026-07-27 11:27:40,510 INFO o.a.j.t.JMeterThread: Thread finished: Ticket Readers 1-361
2026-07-27 11:27:40,510 INFO o.a.j.t.JMeterThread: Thread finished: Ticket Readers 1-166
2026-07-27 11:27:40,511 INFO o.a.j.t.JMeterThread: Stopping because end time detected by thread: Ticket Readers 1-67
2026-07-27 11:27:40,511 INFO o.a.j.t.JMeterThread: Thread finished: Ticket Readers 1-67
2026-07-27 11:27:40,511 INFO o.a.j.t.JMeterThread: Stopping because end time detected by thread: Ticket Readers 1-443
2026-07-27 11:27:40,511 INFO o.a.j.t.JMeterThread: Stopping because end time detected by thread: Ticket Readers 1-496
2026-07-27 11:27:40,511 INFO o.a.j.t.JMeterThread: Thread finished: Ticket Readers 1-496
2026-07-27 11:27:40,511 INFO o.a.j.t.JMeterThread: Thread finished: Ticket Readers 1-443
2026-07-27 11:27:40,515 INFO o.a.j.t.JMeterThread: Stopping because end time detected by thread: Ticket Readers 1-6
2026-07-27 11:27:40,515 INFO o.a.j.t.JMeterThread: Thread finished: Ticket Readers 1-6
2026-07-27 11:27:40,515 INFO o.a.j.t.JMeterThread: Stopping because end time detected by thread: Ticket Readers 1-114
2026-07-27 11:27:40,516 INFO o.a.j.t.JMeterThread: Thread finished: Ticket Readers 1-114
2026-07-27 11:27:40,516 INFO o.a.j.t.JMeterThread: Stopping because end time detected by thread: Ticket Readers 1-477
2026-07-27 11:27:40,516 INFO o.a.j.t.JMeterThread: Stopping because end time detected by thread: Ticket Readers 1-235
2026-07-27 11:27:40,516 INFO o.a.j.t.JMeterThread: Thread finished: Ticket Readers 1-235
2026-07-27 11:27:40,516 INFO o.a.j.t.JMeterThread: Stopping because end time detected by thread: Ticket Readers 1-131
2026-07-27 11:27:40,516 INFO o.a.j.t.JMeterThread: Thread finished: Ticket Readers 1-131
2026-07-27 11:27:40,516 INFO o.a.j.t.JMeterThread: Thread finished: Ticket Readers 1-477
2026-07-27 11:27:40,517 INFO o.a.j.t.JMeterThread: Stopping because end time detected by thread: Ticket Readers 1-91
2026-07-27 11:27:40,517 INFO o.a.j.t.JMeterThread: Thread finished: Ticket Readers 1-91
2026-07-27 11:27:40,517 INFO o.a.j.t.JMeterThread: Stopping because end time detected by thread: Ticket Readers 1-485
2026-07-27 11:27:40,517 INFO o.a.j.t.JMeterThread: Thread finished: Ticket Readers 1-485
2026-07-27 11:27:40,517 INFO o.a.j.t.JMeterThread: Stopping because end time detected by thread: Ticket Readers 1-400
2026-07-27 11:27:40,517 INFO o.a.j.t.JMeterThread: Thread finished: Ticket Readers 1-400
2026-07-27 11:27:40,517 INFO o.a.j.t.JMeterThread: Stopping because end time detected by thread: Ticket Readers 1-183
2026-07-27 11:27:40,518 INFO o.a.j.t.JMeterThread: Thread finished: Ticket Readers 1-183
2026-07-27 11:27:40,519 INFO o.a.j.t.JMeterThread: Stopping because end time detected by thread: Ticket Readers 1-76
2026-07-27 11:27:40,519 INFO o.a.j.t.JMeterThread: Thread finished: Ticket Readers 1-76
2026-07-27 11:27:40,520 INFO o.a.j.t.JMeterThread: Stopping because end time detected by thread: Ticket Readers 1-50
2026-07-27 11:27:40,520 INFO o.a.j.t.JMeterThread: Thread finished: Ticket Readers 1-50
2026-07-27 11:27:40,521 INFO o.a.j.t.JMeterThread: Stopping because end time detected by thread: Ticket Readers 1-23
2026-07-27 11:27:40,521 INFO o.a.j.t.JMeterThread: Stopping because end time detected by thread: Ticket Readers 1-1
2026-07-27 11:27:40,521 INFO o.a.j.t.JMeterThread: Thread finished: Ticket Readers 1-23
2026-07-27 11:27:40,521 INFO o.a.j.t.JMeterThread: Thread finished: Ticket Readers 1-1
2026-07-27 11:27:40,522 INFO o.a.j.t.JMeterThread: Stopping because end time detected by thread: Ticket Readers 1-426
2026-07-27 11:27:40,522 INFO o.a.j.t.JMeterThread: Thread finished: Ticket Readers 1-426
2026-07-27 11:27:40,524 INFO o.a.j.t.JMeterThread: Stopping because end time detected by thread: Ticket Readers 1-123
2026-07-27 11:27:40,524 INFO o.a.j.t.JMeterThread: Thread finished: Ticket Readers 1-123
2026-07-27 11:27:40,526 INFO o.a.j.t.JMeterThread: Thread finished: Ticket Readers 1-639
2026-07-27 11:27:40,526 INFO o.a.j.t.JMeterThread: Stopping because end time detected by thread: Ticket Readers 1-463
2026-07-27 11:27:40,526 INFO o.a.j.t.JMeterThread: Thread finished: Ticket Readers 1-463
2026-07-27 11:27:40,526 INFO o.a.j.t.JMeterThread: Stopping because end time detected by thread: Ticket Readers 1-210
2026-07-27 11:27:40,526 INFO o.a.j.t.JMeterThread: Thread finished: Ticket Readers 1-210
2026-07-27 11:27:40,527 INFO o.a.j.t.JMeterThread: Stopping because end time detected by thread: Ticket Readers 1-160
2026-07-27 11:27:40,527 INFO o.a.j.t.JMeterThread: Thread finished: Ticket Readers 1-160
2026-07-27 11:27:40,528 INFO o.a.j.t.JMeterThread: Stopping because end time detected by thread: Ticket Readers 1-227
2026-07-27 11:27:40,528 INFO o.a.j.t.JMeterThread: Thread finished: Ticket Readers 1-227
2026-07-27 11:27:40,529 INFO o.a.j.t.JMeterThread: Stopping because end time detected by thread: Ticket Readers 1-397
2026-07-27 11:27:40,529 INFO o.a.j.t.JMeterThread: Thread finished: Ticket Readers 1-397
2026-07-27 11:27:40,531 INFO o.a.j.t.JMeterThread: Stopping because end time detected by thread: Ticket Readers 1-62
2026-07-27 11:27:40,531 INFO o.a.j.t.JMeterThread: Thread finished: Ticket Readers 1-62
2026-07-27 11:27:40,531 INFO o.a.j.t.JMeterThread: Stopping because end time detected by thread: Ticket Readers 1-130
2026-07-27 11:27:40,531 INFO o.a.j.t.JMeterThread: Thread finished: Ticket Readers 1-130
2026-07-27 11:27:40,532 INFO o.a.j.t.JMeterThread: Stopping because end time detected by thread: Ticket Readers 1-459
2026-07-27 11:27:40,532 INFO o.a.j.t.JMeterThread: Thread finished: Ticket Readers 1-459
2026-07-27 11:27:40,532 INFO o.a.j.t.JMeterThread: Stopping because end time detected by thread: Ticket Readers 1-185
2026-07-27 11:27:40,532 INFO o.a.j.t.JMeterThread: Thread finished: Ticket Readers 1-185
2026-07-27 11:27:40,533 INFO o.a.j.t.JMeterThread: Stopping because end time detected by thread: Ticket Readers 1-508
2026-07-27 11:27:40,533 INFO o.a.j.t.JMeterThread: Thread finished: Ticket Readers 1-508
2026-07-27 11:27:40,533 INFO o.a.j.t.JMeterThread: Stopping because end time detected by thread: Ticket Readers 1-73
2026-07-27 11:27:40,533 INFO o.a.j.t.JMeterThread: Thread finished: Ticket Readers 1-73
2026-07-27 11:27:40,534 INFO o.a.j.t.JMeterThread: Stopping because end time detected by thread: Ticket Readers 1-147
2026-07-27 11:27:40,534 INFO o.a.j.t.JMeterThread: Thread finished: Ticket Readers 1-147
2026-07-27 11:27:40,534 INFO o.a.j.t.JMeterThread: Stopping because end time detected by thread: Ticket Readers 1-83
2026-07-27 11:27:40,534 INFO o.a.j.t.JMeterThread: Thread finished: Ticket Readers 1-83
2026-07-27 11:27:40,535 INFO o.a.j.t.JMeterThread: Stopping because end time detected by thread: Ticket Readers 1-201
2026-07-27 11:27:40,535 INFO o.a.j.t.JMeterThread: Thread finished: Ticket Readers 1-201
2026-07-27 11:27:40,536 INFO o.a.j.t.JMeterThread: Stopping because end time detected by thread: Ticket Readers 1-529
2026-07-27 11:27:40,536 INFO o.a.j.t.JMeterThread: Thread finished: Ticket Readers 1-529
2026-07-27 11:27:40,536 INFO o.a.j.t.JMeterThread: Stopping because end time detected by thread: Ticket Readers 1-524
2026-07-27 11:27:40,536 INFO o.a.j.t.JMeterThread: Thread finished: Ticket Readers 1-524
2026-07-27 11:27:40,537 INFO o.a.j.t.JMeterThread: Stopping because end time detected by thread: Ticket Readers 1-220
2026-07-27 11:27:40,537 INFO o.a.j.t.JMeterThread: Thread finished: Ticket Readers 1-220
2026-07-27 11:27:40,537 INFO o.a.j.t.JMeterThread: Stopping because end time detected by thread: Ticket Readers 1-358
2026-07-27 11:27:40,537 INFO o.a.j.t.JMeterThread: Thread finished: Ticket Readers 1-358
2026-07-27 11:27:40,538 INFO o.a.j.t.JMeterThread: Stopping because end time detected by thread: Ticket Readers 1-12
2026-07-27 11:27:40,538 INFO o.a.j.t.JMeterThread: Thread finished: Ticket Readers 1-12
2026-07-27 11:27:40,538 INFO o.a.j.t.JMeterThread: Stopping because end time detected by thread: Ticket Readers 1-193
2026-07-27 11:27:40,539 INFO o.a.j.t.JMeterThread: Thread finished: Ticket Readers 1-193
2026-07-27 11:27:40,540 INFO o.a.j.t.JMeterThread: Stopping because end time detected by thread: Ticket Readers 1-566
2026-07-27 11:27:40,540 INFO o.a.j.t.JMeterThread: Thread finished: Ticket Readers 1-566
2026-07-27 11:27:40,540 INFO o.a.j.t.JMeterThread: Stopping because end time detected by thread: Ticket Readers 1-502
2026-07-27 11:27:40,540 INFO o.a.j.t.JMeterThread: Thread finished: Ticket Readers 1-502
2026-07-27 11:27:40,541 INFO o.a.j.t.JMeterThread: Stopping because end time detected by thread: Ticket Readers 1-517
2026-07-27 11:27:40,541 INFO o.a.j.t.JMeterThread: Thread finished: Ticket Readers 1-517
2026-07-27 11:27:40,541 INFO o.a.j.t.JMeterThread: Stopping because end time detected by thread: Ticket Readers 1-276
2026-07-27 11:27:40,541 INFO o.a.j.t.JMeterThread: Thread finished: Ticket Readers 1-276
2026-07-27 11:27:40,541 INFO o.a.j.t.JMeterThread: Stopping because end time detected by thread: Ticket Readers 1-589
2026-07-27 11:27:40,541 INFO o.a.j.t.JMeterThread: Thread finished: Ticket Readers 1-589
2026-07-27 11:27:40,542 INFO o.a.j.t.JMeterThread: Stopping because end time detected by thread: Ticket Readers 1-403
2026-07-27 11:27:40,542 INFO o.a.j.t.JMeterThread: Thread finished: Ticket Readers 1-403
2026-07-27 11:27:40,542 INFO o.a.j.t.JMeterThread: Stopping because end time detected by thread: Ticket Readers 1-117
2026-07-27 11:27:40,542 INFO o.a.j.t.JMeterThread: Thread finished: Ticket Readers 1-117
2026-07-27 11:27:40,545 INFO o.a.j.t.JMeterThread: Stopping because end time detected by thread: Ticket Readers 1-10
2026-07-27 11:27:40,545 INFO o.a.j.t.JMeterThread: Thread finished: Ticket Readers 1-10
2026-07-27 11:27:40,545 INFO o.a.j.t.JMeterThread: Stopping because end time detected by thread: Ticket Readers 1-487
2026-07-27 11:27:40,545 INFO o.a.j.t.JMeterThread: Thread finished: Ticket Readers 1-487
2026-07-27 11:27:40,545 INFO o.a.j.t.JMeterThread: Stopping because end time detected by thread: Ticket Readers 1-378
2026-07-27 11:27:40,545 INFO o.a.j.t.JMeterThread: Thread finished: Ticket Readers 1-378
2026-07-27 11:27:40,545 INFO o.a.j.t.JMeterThread: Stopping because end time detected by thread: Ticket Readers 1-331
2026-07-27 11:27:40,545 INFO o.a.j.t.JMeterThread: Thread finished: Ticket Readers 1-331
2026-07-27 11:27:40,545 INFO o.a.j.t.JMeterThread: Stopping because end time detected by thread: Ticket Readers 1-105
2026-07-27 11:27:40,545 INFO o.a.j.t.JMeterThread: Thread finished: Ticket Readers 1-105
2026-07-27 11:27:40,547 INFO o.a.j.t.JMeterThread: Stopping because end time detected by thread: Ticket Readers 1-402
2026-07-27 11:27:40,547 INFO o.a.j.t.JMeterThread: Thread finished: Ticket Readers 1-402
2026-07-27 11:27:40,547 INFO o.a.j.t.JMeterThread: Stopping because end time detected by thread: Ticket Readers 1-617
2026-07-27 11:27:40,547 INFO o.a.j.t.JMeterThread: Stopping because end time detected by thread: Ticket Readers 1-530
2026-07-27 11:27:40,547 INFO o.a.j.t.JMeterThread: Thread finished: Ticket Readers 1-530
2026-07-27 11:27:40,547 INFO o.a.j.t.JMeterThread: Thread finished: Ticket Readers 1-617
2026-07-27 11:27:40,547 INFO o.a.j.t.JMeterThread: Stopping because end time detected by thread: Ticket Readers 1-412
2026-07-27 11:27:40,547 INFO o.a.j.t.JMeterThread: Thread finished: Ticket Readers 1-412
2026-07-27 11:27:40,548 INFO o.a.j.t.JMeterThread: Stopping because end time detected by thread: Ticket Readers 1-452
2026-07-27 11:27:40,548 INFO o.a.j.t.JMeterThread: Thread finished: Ticket Readers 1-452
2026-07-27 11:27:40,548 INFO o.a.j.t.JMeterThread: Stopping because end time detected by thread: Ticket Readers 1-174
2026-07-27 11:27:40,548 INFO o.a.j.t.JMeterThread: Thread finished: Ticket Readers 1-174
2026-07-27 11:27:40,549 INFO o.a.j.t.JMeterThread: Thread finished: Ticket Readers 1-656
2026-07-27 11:27:40,551 INFO o.a.j.t.JMeterThread: Stopping because end time detected by thread: Ticket Readers 1-155
2026-07-27 11:27:40,551 INFO o.a.j.t.JMeterThread: Thread finished: Ticket Readers 1-155
2026-07-27 11:27:40,551 INFO o.a.j.t.JMeterThread: Stopping because end time detected by thread: Ticket Readers 1-595
2026-07-27 11:27:40,551 INFO o.a.j.t.JMeterThread: Thread finished: Ticket Readers 1-595
2026-07-27 11:27:40,551 INFO o.a.j.t.JMeterThread: Stopping because end time detected by thread: Ticket Readers 1-560
2026-07-27 11:27:40,551 INFO o.a.j.t.JMeterThread: Thread finished: Ticket Readers 1-560
2026-07-27 11:27:40,552 INFO o.a.j.t.JMeterThread: Stopping because end time detected by thread: Ticket Readers 1-472
2026-07-27 11:27:40,552 INFO o.a.j.t.JMeterThread: Thread finished: Ticket Readers 1-472
2026-07-27 11:27:40,552 INFO o.a.j.t.JMeterThread: Stopping because end time detected by thread: Ticket Readers 1-70
2026-07-27 11:27:40,552 INFO o.a.j.t.JMeterThread: Thread finished: Ticket Readers 1-70
2026-07-27 11:27:40,553 INFO o.a.j.t.JMeterThread: Stopping because end time detected by thread: Ticket Readers 1-541
2026-07-27 11:27:40,553 INFO o.a.j.t.JMeterThread: Stopping because end time detected by thread: Ticket Readers 1-81
2026-07-27 11:27:40,553 INFO o.a.j.t.JMeterThread: Thread finished: Ticket Readers 1-541
2026-07-27 11:27:40,553 INFO o.a.j.t.JMeterThread: Thread finished: Ticket Readers 1-81
2026-07-27 11:27:40,554 INFO o.a.j.t.JMeterThread: Stopping because end time detected by thread: Ticket Readers 1-87
2026-07-27 11:27:40,554 INFO o.a.j.t.JMeterThread: Thread finished: Ticket Readers 1-87
2026-07-27 11:27:40,554 INFO o.a.j.t.JMeterThread: Stopping because end time detected by thread: Ticket Readers 1-386
2026-07-27 11:27:40,554 INFO o.a.j.t.JMeterThread: Thread finished: Ticket Readers 1-386
2026-07-27 11:27:40,554 INFO o.a.j.t.JMeterThread: Stopping because end time detected by thread: Ticket Readers 1-4
2026-07-27 11:27:40,554 INFO o.a.j.t.JMeterThread: Thread finished: Ticket Readers 1-4
2026-07-27 11:27:40,554 INFO o.a.j.t.JMeterThread: Stopping because end time detected by thread: Ticket Readers 1-159
2026-07-27 11:27:40,554 INFO o.a.j.t.JMeterThread: Thread finished: Ticket Readers 1-159
2026-07-27 11:27:40,555 INFO o.a.j.t.JMeterThread: Stopping because end time detected by thread: Ticket Readers 1-365
2026-07-27 11:27:40,555 INFO o.a.j.t.JMeterThread: Thread finished: Ticket Readers 1-365
2026-07-27 11:27:40,555 INFO o.a.j.t.JMeterThread: Stopping because end time detected by thread: Ticket Readers 1-281
2026-07-27 11:27:40,555 INFO o.a.j.t.JMeterThread: Thread finished: Ticket Readers 1-281
2026-07-27 11:27:40,555 INFO o.a.j.t.JMeterThread: Stopping because end time detected by thread: Ticket Readers 1-38
2026-07-27 11:27:40,555 INFO o.a.j.t.JMeterThread: Thread finished: Ticket Readers 1-38
2026-07-27 11:27:40,557 INFO o.a.j.t.JMeterThread: Stopping because end time detected by thread: Ticket Readers 1-526
2026-07-27 11:27:40,557 INFO o.a.j.t.JMeterThread: Thread finished: Ticket Readers 1-526
2026-07-27 11:27:40,559 INFO o.a.j.t.JMeterThread: Stopping because end time detected by thread: Ticket Readers 1-376
2026-07-27 11:27:40,559 INFO o.a.j.t.JMeterThread: Thread finished: Ticket Readers 1-376
2026-07-27 11:27:40,560 INFO o.a.j.t.JMeterThread: Stopping because end time detected by thread: Ticket Readers 1-204
2026-07-27 11:27:40,560 INFO o.a.j.t.JMeterThread: Thread finished: Ticket Readers 1-204
2026-07-27 11:27:40,560 INFO o.a.j.t.JMeterThread: Stopping because end time detected by thread: Ticket Readers 1-120
2026-07-27 11:27:40,560 INFO o.a.j.t.JMeterThread: Thread finished: Ticket Readers 1-120
2026-07-27 11:27:40,562 INFO o.a.j.t.JMeterThread: Stopping because end time detected by thread: Ticket Readers 1-19
2026-07-27 11:27:40,562 INFO o.a.j.t.JMeterThread: Thread finished: Ticket Readers 1-19
2026-07-27 11:27:40,562 INFO o.a.j.t.JMeterThread: Stopping because end time detected by thread: Ticket Readers 1-165
2026-07-27 11:27:40,562 INFO o.a.j.t.JMeterThread: Thread finished: Ticket Readers 1-165
2026-07-27 11:27:40,563 INFO o.a.j.t.JMeterThread: Stopping because end time detected by thread: Ticket Readers 1-75
2026-07-27 11:27:40,563 INFO o.a.j.t.JMeterThread: Thread finished: Ticket Readers 1-75
2026-07-27 11:27:40,564 INFO o.a.j.t.JMeterThread: Stopping because end time detected by thread: Ticket Readers 1-163
2026-07-27 11:27:40,564 INFO o.a.j.t.JMeterThread: Thread finished: Ticket Readers 1-163
2026-07-27 11:27:40,564 INFO o.a.j.t.JMeterThread: Stopping because end time detected by thread: Ticket Readers 1-493
2026-07-27 11:27:40,564 INFO o.a.j.t.JMeterThread: Thread finished: Ticket Readers 1-493
2026-07-27 11:27:40,564 INFO o.a.j.t.JMeterThread: Stopping because end time detected by thread: Ticket Readers 1-3
2026-07-27 11:27:40,564 INFO o.a.j.t.JMeterThread: Thread finished: Ticket Readers 1-3
2026-07-27 11:27:40,564 INFO o.a.j.t.JMeterThread: Stopping because end time detected by thread: Ticket Readers 1-102
2026-07-27 11:27:40,564 INFO o.a.j.t.JMeterThread: Thread finished: Ticket Readers 1-102
2026-07-27 11:27:40,565 INFO o.a.j.t.JMeterThread: Stopping because end time detected by thread: Ticket Readers 1-272
2026-07-27 11:27:40,565 INFO o.a.j.t.JMeterThread: Thread finished: Ticket Readers 1-272
2026-07-27 11:27:40,565 INFO o.a.j.t.JMeterThread: Stopping because end time detected by thread: Ticket Readers 1-284
2026-07-27 11:27:40,565 INFO o.a.j.t.JMeterThread: Thread finished: Ticket Readers 1-284
2026-07-27 11:27:40,565 INFO o.a.j.t.JMeterThread: Stopping because end time detected by thread: Ticket Readers 1-399
2026-07-27 11:27:40,566 INFO o.a.j.t.JMeterThread: Thread finished: Ticket Readers 1-399
2026-07-27 11:27:40,566 INFO o.a.j.t.JMeterThread: Stopping because end time detected by thread: Ticket Readers 1-168
2026-07-27 11:27:40,567 INFO o.a.j.t.JMeterThread: Thread finished: Ticket Readers 1-168
2026-07-27 11:27:40,567 INFO o.a.j.t.JMeterThread: Stopping because end time detected by thread: Ticket Readers 1-619
2026-07-27 11:27:40,567 INFO o.a.j.t.JMeterThread: Thread finished: Ticket Readers 1-619
2026-07-27 11:27:40,567 INFO o.a.j.t.JMeterThread: Stopping because end time detected by thread: Ticket Readers 1-648
2026-07-27 11:27:40,567 INFO o.a.j.t.JMeterThread: Thread finished: Ticket Readers 1-648
2026-07-27 11:27:40,567 INFO o.a.j.t.JMeterThread: Stopping because end time detected by thread: Ticket Readers 1-387
2026-07-27 11:27:40,567 INFO o.a.j.t.JMeterThread: Thread finished: Ticket Readers 1-387
2026-07-27 11:27:40,568 INFO o.a.j.t.JMeterThread: Stopping because end time detected by thread: Ticket Readers 1-293
2026-07-27 11:27:40,568 INFO o.a.j.t.JMeterThread: Thread finished: Ticket Readers 1-293
2026-07-27 11:27:40,568 INFO o.a.j.t.JMeterThread: Stopping because end time detected by thread: Ticket Readers 1-565
2026-07-27 11:27:40,568 INFO o.a.j.t.JMeterThread: Thread finished: Ticket Readers 1-565
2026-07-27 11:27:40,568 INFO o.a.j.t.JMeterThread: Stopping because end time detected by thread: Ticket Readers 1-534
2026-07-27 11:27:40,568 INFO o.a.j.t.JMeterThread: Thread finished: Ticket Readers 1-534
2026-07-27 11:27:40,569 INFO o.a.j.t.JMeterThread: Stopping because end time detected by thread: Ticket Readers 1-148
2026-07-27 11:27:40,569 INFO o.a.j.t.JMeterThread: Thread finished: Ticket Readers 1-148
2026-07-27 11:27:40,569 INFO o.a.j.t.JMeterThread: Stopping because end time detected by thread: Ticket Readers 1-250
2026-07-27 11:27:40,569 INFO o.a.j.t.JMeterThread: Thread finished: Ticket Readers 1-250
2026-07-27 11:27:40,569 INFO o.a.j.t.JMeterThread: Stopping because end time detected by thread: Ticket Readers 1-450
2026-07-27 11:27:40,570 INFO o.a.j.t.JMeterThread: Thread finished: Ticket Readers 1-450
2026-07-27 11:27:40,570 INFO o.a.j.t.JMeterThread: Stopping because end time detected by thread: Ticket Readers 1-625
2026-07-27 11:27:40,570 INFO o.a.j.t.JMeterThread: Thread finished: Ticket Readers 1-625
2026-07-27 11:27:40,571 INFO o.a.j.t.JMeterThread: Stopping because end time detected by thread: Ticket Readers 1-271
2026-07-27 11:27:40,571 INFO o.a.j.t.JMeterThread: Thread finished: Ticket Readers 1-271
2026-07-27 11:27:40,571 INFO o.a.j.t.JMeterThread: Stopping because end time detected by thread: Ticket Readers 1-176
2026-07-27 11:27:40,571 INFO o.a.j.t.JMeterThread: Thread finished: Ticket Readers 1-176
2026-07-27 11:27:40,572 INFO o.a.j.t.JMeterThread: Stopping because end time detected by thread: Ticket Readers 1-514
2026-07-27 11:27:40,572 INFO o.a.j.t.JMeterThread: Thread finished: Ticket Readers 1-514
2026-07-27 11:27:40,573 INFO o.a.j.t.JMeterThread: Stopping because end time detected by thread: Ticket Readers 1-197
2026-07-27 11:27:40,573 INFO o.a.j.t.JMeterThread: Thread finished: Ticket Readers 1-197
2026-07-27 11:27:40,573 INFO o.a.j.t.JMeterThread: Stopping because end time detected by thread: Ticket Readers 1-180
2026-07-27 11:27:40,573 INFO o.a.j.t.JMeterThread: Thread finished: Ticket Readers 1-180
2026-07-27 11:27:40,577 INFO o.a.j.t.JMeterThread: Stopping because end time detected by thread: Ticket Readers 1-192
2026-07-27 11:27:40,577 INFO o.a.j.t.JMeterThread: Stopping because end time detected by thread: Ticket Readers 1-116
2026-07-27 11:27:40,578 INFO o.a.j.t.JMeterThread: Stopping because end time detected by thread: Ticket Readers 1-59
2026-07-27 11:27:40,578 INFO o.a.j.t.JMeterThread: Thread finished: Ticket Readers 1-59
2026-07-27 11:27:40,577 INFO o.a.j.t.JMeterThread: Stopping because end time detected by thread: Ticket Readers 1-489
2026-07-27 11:27:40,578 INFO o.a.j.t.JMeterThread: Thread finished: Ticket Readers 1-489
2026-07-27 11:27:40,578 INFO o.a.j.t.JMeterThread: Thread finished: Ticket Readers 1-116
2026-07-27 11:27:40,579 INFO o.a.j.t.JMeterThread: Stopping because end time detected by thread: Ticket Readers 1-112
2026-07-27 11:27:40,579 INFO o.a.j.t.JMeterThread: Thread finished: Ticket Readers 1-112
2026-07-27 11:27:40,577 INFO o.a.j.t.JMeterThread: Thread finished: Ticket Readers 1-192
2026-07-27 11:27:40,579 INFO o.a.j.t.JMeterThread: Stopping because end time detected by thread: Ticket Readers 1-312
2026-07-27 11:27:40,579 INFO o.a.j.t.JMeterThread: Thread finished: Ticket Readers 1-312
2026-07-27 11:27:40,583 INFO o.a.j.t.JMeterThread: Stopping because end time detected by thread: Ticket Readers 1-604
2026-07-27 11:27:40,584 INFO o.a.j.t.JMeterThread: Thread finished: Ticket Readers 1-604
2026-07-27 11:27:40,584 INFO o.a.j.t.JMeterThread: Stopping because end time detected by thread: Ticket Readers 1-553
2026-07-27 11:27:40,584 INFO o.a.j.t.JMeterThread: Thread finished: Ticket Readers 1-553
2026-07-27 11:27:40,586 INFO o.a.j.t.JMeterThread: Stopping because end time detected by thread: Ticket Readers 1-110
2026-07-27 11:27:40,587 INFO o.a.j.t.JMeterThread: Stopping because end time detected by thread: Ticket Readers 1-499
2026-07-27 11:27:40,587 INFO o.a.j.t.JMeterThread: Thread finished: Ticket Readers 1-499
2026-07-27 11:27:40,587 INFO o.a.j.t.JMeterThread: Stopping because end time detected by thread: Ticket Readers 1-194
2026-07-27 11:27:40,587 INFO o.a.j.t.JMeterThread: Thread finished: Ticket Readers 1-194
2026-07-27 11:27:40,587 INFO o.a.j.t.JMeterThread: Stopping because end time detected by thread: Ticket Readers 1-662
2026-07-27 11:27:40,587 INFO o.a.j.t.JMeterThread: Thread finished: Ticket Readers 1-662
2026-07-27 11:27:40,588 INFO o.a.j.t.JMeterThread: Stopping because end time detected by thread: Ticket Readers 1-439
2026-07-27 11:27:40,588 INFO o.a.j.t.JMeterThread: Thread finished: Ticket Readers 1-439
2026-07-27 11:27:40,587 INFO o.a.j.t.JMeterThread: Stopping because end time detected by thread: Ticket Readers 1-51
2026-07-27 11:27:40,588 INFO o.a.j.t.JMeterThread: Thread finished: Ticket Readers 1-51
2026-07-27 11:27:40,588 INFO o.a.j.t.JMeterThread: Stopping because end time detected by thread: Ticket Readers 1-582
2026-07-27 11:27:40,588 INFO o.a.j.t.JMeterThread: Thread finished: Ticket Readers 1-582
2026-07-27 11:27:40,588 INFO o.a.j.t.JMeterThread: Stopping because end time detected by thread: Ticket Readers 1-311
2026-07-27 11:27:40,589 INFO o.a.j.t.JMeterThread: Thread finished: Ticket Readers 1-311
2026-07-27 11:27:40,588 INFO o.a.j.t.JMeterThread: Thread finished: Ticket Readers 1-110
2026-07-27 11:27:40,588 INFO o.a.j.t.JMeterThread: Stopping because end time detected by thread: Ticket Readers 1-285
2026-07-27 11:27:40,589 INFO o.a.j.t.JMeterThread: Thread finished: Ticket Readers 1-285
2026-07-27 11:27:40,591 INFO o.a.j.t.JMeterThread: Stopping because end time detected by thread: Ticket Readers 1-411
2026-07-27 11:27:40,591 INFO o.a.j.t.JMeterThread: Thread finished: Ticket Readers 1-411
2026-07-27 11:27:40,592 INFO o.a.j.t.JMeterThread: Stopping because end time detected by thread: Ticket Readers 1-377
2026-07-27 11:27:40,592 INFO o.a.j.t.JMeterThread: Thread finished: Ticket Readers 1-377
2026-07-27 11:27:40,592 INFO o.a.j.t.JMeterThread: Stopping because end time detected by thread: Ticket Readers 1-17
2026-07-27 11:27:40,592 INFO o.a.j.t.JMeterThread: Thread finished: Ticket Readers 1-17
2026-07-27 11:27:40,593 INFO o.a.j.t.JMeterThread: Stopping because end time detected by thread: Ticket Readers 1-315
2026-07-27 11:27:40,593 INFO o.a.j.t.JMeterThread: Thread finished: Ticket Readers 1-315
2026-07-27 11:27:40,593 INFO o.a.j.t.JMeterThread: Stopping because end time detected by thread: Ticket Readers 1-644
2026-07-27 11:27:40,593 INFO o.a.j.t.JMeterThread: Thread finished: Ticket Readers 1-644
2026-07-27 11:27:40,593 INFO o.a.j.t.JMeterThread: Stopping because end time detected by thread: Ticket Readers 1-267
2026-07-27 11:27:40,593 INFO o.a.j.t.JMeterThread: Thread finished: Ticket Readers 1-267
2026-07-27 11:27:40,593 INFO o.a.j.t.JMeterThread: Stopping because end time detected by thread: Ticket Readers 1-225
2026-07-27 11:27:40,593 INFO o.a.j.t.JMeterThread: Thread finished: Ticket Readers 1-225
2026-07-27 11:27:40,594 INFO o.a.j.t.JMeterThread: Stopping because end time detected by thread: Ticket Readers 1-562
2026-07-27 11:27:40,594 INFO o.a.j.t.JMeterThread: Thread finished: Ticket Readers 1-562
2026-07-27 11:27:40,594 INFO o.a.j.t.JMeterThread: Stopping because end time detected by thread: Ticket Readers 1-342
2026-07-27 11:27:40,594 INFO o.a.j.t.JMeterThread: Thread finished: Ticket Readers 1-342
2026-07-27 11:27:40,594 INFO o.a.j.t.JMeterThread: Stopping because end time detected by thread: Ticket Readers 1-527
2026-07-27 11:27:40,594 INFO o.a.j.t.JMeterThread: Thread finished: Ticket Readers 1-527
2026-07-27 11:27:40,594 INFO o.a.j.t.JMeterThread: Stopping because end time detected by thread: Ticket Readers 1-637
2026-07-27 11:27:40,594 INFO o.a.j.t.JMeterThread: Thread finished: Ticket Readers 1-637
2026-07-27 11:27:40,612 INFO o.a.j.t.JMeterThread: Stopping because end time detected by thread: Ticket Readers 1-178
2026-07-27 11:27:40,612 INFO o.a.j.t.JMeterThread: Thread finished: Ticket Readers 1-178
2026-07-27 11:27:40,613 INFO o.a.j.t.JMeterThread: Stopping because end time detected by thread: Ticket Readers 1-209
2026-07-27 11:27:40,613 INFO o.a.j.t.JMeterThread: Stopping because end time detected by thread: Ticket Readers 1-205
2026-07-27 11:27:40,613 INFO o.a.j.t.JMeterThread: Thread finished: Ticket Readers 1-205
2026-07-27 11:27:40,613 INFO o.a.j.t.JMeterThread: Thread finished: Ticket Readers 1-209
2026-07-27 11:27:40,617 INFO o.a.j.t.JMeterThread: Stopping because end time detected by thread: Ticket Readers 1-368
2026-07-27 11:27:40,617 INFO o.a.j.t.JMeterThread: Thread finished: Ticket Readers 1-368
2026-07-27 11:27:40,617 INFO o.a.j.t.JMeterThread: Stopping because end time detected by thread: Ticket Readers 1-471
2026-07-27 11:27:40,617 INFO o.a.j.t.JMeterThread: Thread finished: Ticket Readers 1-471
2026-07-27 11:27:40,617 INFO o.a.j.t.JMeterThread: Stopping because end time detected by thread: Ticket Readers 1-302
2026-07-27 11:27:40,617 INFO o.a.j.t.JMeterThread: Thread finished: Ticket Readers 1-302
2026-07-27 11:27:40,617 INFO o.a.j.t.JMeterThread: Stopping because end time detected by thread: Ticket Readers 1-540
2026-07-27 11:27:40,617 INFO o.a.j.t.JMeterThread: Thread finished: Ticket Readers 1-540
2026-07-27 11:27:40,618 INFO o.a.j.t.JMeterThread: Stopping because end time detected by thread: Ticket Readers 1-217
2026-07-27 11:27:40,618 INFO o.a.j.t.JMeterThread: Thread finished: Ticket Readers 1-217
2026-07-27 11:27:40,618 INFO o.a.j.t.JMeterThread: Stopping because end time detected by thread: Ticket Readers 1-118
2026-07-27 11:27:40,618 INFO o.a.j.t.JMeterThread: Thread finished: Ticket Readers 1-118
2026-07-27 11:27:40,618 INFO o.a.j.t.JMeterThread: Stopping because end time detected by thread: Ticket Readers 1-57
2026-07-27 11:27:40,618 INFO o.a.j.t.JMeterThread: Thread finished: Ticket Readers 1-57
2026-07-27 11:27:40,618 INFO o.a.j.t.JMeterThread: Stopping because end time detected by thread: Ticket Readers 1-199
2026-07-27 11:27:40,618 INFO o.a.j.t.JMeterThread: Thread finished: Ticket Readers 1-199
2026-07-27 11:27:40,618 INFO o.a.j.t.JMeterThread: Stopping because end time detected by thread: Ticket Readers 1-607
2026-07-27 11:27:40,618 INFO o.a.j.t.JMeterThread: Thread finished: Ticket Readers 1-607
2026-07-27 11:27:40,621 INFO o.a.j.t.JMeterThread: Stopping because end time detected by thread: Ticket Readers 1-7
2026-07-27 11:27:40,621 INFO o.a.j.t.JMeterThread: Thread finished: Ticket Readers 1-7
2026-07-27 11:27:40,621 INFO o.a.j.t.JMeterThread: Stopping because end time detected by thread: Ticket Readers 1-590
2026-07-27 11:27:40,621 INFO o.a.j.t.JMeterThread: Thread finished: Ticket Readers 1-590
2026-07-27 11:27:40,622 INFO o.a.j.t.JMeterThread: Stopping because end time detected by thread: Ticket Readers 1-549
2026-07-27 11:27:40,622 INFO o.a.j.t.JMeterThread: Thread finished: Ticket Readers 1-549
2026-07-27 11:27:40,622 INFO o.a.j.t.JMeterThread: Stopping because end time detected by thread: Ticket Readers 1-169
2026-07-27 11:27:40,622 INFO o.a.j.t.JMeterThread: Thread finished: Ticket Readers 1-169
2026-07-27 11:27:40,623 INFO o.a.j.t.JMeterThread: Stopping because end time detected by thread: Ticket Readers 1-111
2026-07-27 11:27:40,623 INFO o.a.j.t.JMeterThread: Thread finished: Ticket Readers 1-111
2026-07-27 11:27:40,623 INFO o.a.j.t.JMeterThread: Stopping because end time detected by thread: Ticket Readers 1-189
2026-07-27 11:27:40,623 INFO o.a.j.t.JMeterThread: Thread finished: Ticket Readers 1-189
2026-07-27 11:27:40,624 INFO o.a.j.t.JMeterThread: Stopping because end time detected by thread: Ticket Readers 1-557
2026-07-27 11:27:40,624 INFO o.a.j.t.JMeterThread: Thread finished: Ticket Readers 1-557
2026-07-27 11:27:40,625 INFO o.a.j.t.JMeterThread: Stopping because end time detected by thread: Ticket Readers 1-614
2026-07-27 11:27:40,625 INFO o.a.j.t.JMeterThread: Stopping because end time detected by thread: Ticket Readers 1-586
2026-07-27 11:27:40,625 INFO o.a.j.t.JMeterThread: Thread finished: Ticket Readers 1-614
2026-07-27 11:27:40,625 INFO o.a.j.t.JMeterThread: Thread finished: Ticket Readers 1-586
2026-07-27 11:27:40,625 INFO o.a.j.t.JMeterThread: Stopping because end time detected by thread: Ticket Readers 1-458
2026-07-27 11:27:40,625 INFO o.a.j.t.JMeterThread: Thread finished: Ticket Readers 1-458
2026-07-27 11:27:40,625 INFO o.a.j.t.JMeterThread: Stopping because end time detected by thread: Ticket Readers 1-325
2026-07-27 11:27:40,625 INFO o.a.j.t.JMeterThread: Thread finished: Ticket Readers 1-325
2026-07-27 11:27:40,626 INFO o.a.j.t.JMeterThread: Stopping because end time detected by thread: Ticket Readers 1-256
2026-07-27 11:27:40,626 INFO o.a.j.t.JMeterThread: Thread finished: Ticket Readers 1-256
2026-07-27 11:27:40,627 INFO o.a.j.t.JMeterThread: Stopping because end time detected by thread: Ticket Readers 1-80
2026-07-27 11:27:40,627 INFO o.a.j.t.JMeterThread: Thread finished: Ticket Readers 1-80
2026-07-27 11:27:40,627 INFO o.a.j.t.JMeterThread: Stopping because end time detected by thread: Ticket Readers 1-431
2026-07-27 11:27:40,627 INFO o.a.j.t.JMeterThread: Thread finished: Ticket Readers 1-431
2026-07-27 11:27:40,628 INFO o.a.j.t.JMeterThread: Stopping because end time detected by thread: Ticket Readers 1-232
2026-07-27 11:27:40,628 INFO o.a.j.t.JMeterThread: Thread finished: Ticket Readers 1-232
2026-07-27 11:27:40,628 INFO o.a.j.t.JMeterThread: Stopping because end time detected by thread: Ticket Readers 1-304
2026-07-27 11:27:40,628 INFO o.a.j.t.JMeterThread: Thread finished: Ticket Readers 1-304
2026-07-27 11:27:40,630 INFO o.a.j.t.JMeterThread: Stopping because end time detected by thread: Ticket Readers 1-270
2026-07-27 11:27:40,630 INFO o.a.j.t.JMeterThread: Thread finished: Ticket Readers 1-270
2026-07-27 11:27:40,630 INFO o.a.j.t.JMeterThread: Stopping because end time detected by thread: Ticket Readers 1-396
2026-07-27 11:27:40,630 INFO o.a.j.t.JMeterThread: Thread finished: Ticket Readers 1-396
2026-07-27 11:27:40,631 INFO o.a.j.t.JMeterThread: Stopping because end time detected by thread: Ticket Readers 1-144
2026-07-27 11:27:40,631 INFO o.a.j.t.JMeterThread: Thread finished: Ticket Readers 1-144
2026-07-27 11:27:40,632 INFO o.a.j.t.JMeterThread: Stopping because end time detected by thread: Ticket Readers 1-425
2026-07-27 11:27:40,632 INFO o.a.j.t.JMeterThread: Thread finished: Ticket Readers 1-425
2026-07-27 11:27:40,632 INFO o.a.j.t.JMeterThread: Stopping because end time detected by thread: Ticket Readers 1-242
2026-07-27 11:27:40,632 INFO o.a.j.t.JMeterThread: Thread finished: Ticket Readers 1-242
2026-07-27 11:27:40,632 INFO o.a.j.t.JMeterThread: Stopping because end time detected by thread: Ticket Readers 1-640
2026-07-27 11:27:40,633 INFO o.a.j.t.JMeterThread: Thread finished: Ticket Readers 1-640
2026-07-27 11:27:40,634 INFO o.a.j.t.JMeterThread: Stopping because end time detected by thread: Ticket Readers 1-535
2026-07-27 11:27:40,634 INFO o.a.j.t.JMeterThread: Thread finished: Ticket Readers 1-535
2026-07-27 11:27:40,635 INFO o.a.j.t.JMeterThread: Stopping because end time detected by thread: Ticket Readers 1-476
2026-07-27 11:27:40,635 INFO o.a.j.t.JMeterThread: Thread finished: Ticket Readers 1-476
2026-07-27 11:27:40,635 INFO o.a.j.t.JMeterThread: Stopping because end time detected by thread: Ticket Readers 1-461
2026-07-27 11:27:40,635 INFO o.a.j.t.JMeterThread: Thread finished: Ticket Readers 1-461
2026-07-27 11:27:40,636 INFO o.a.j.t.JMeterThread: Stopping because end time detected by thread: Ticket Readers 1-556
2026-07-27 11:27:40,636 INFO o.a.j.t.JMeterThread: Thread finished: Ticket Readers 1-556
2026-07-27 11:27:40,636 INFO o.a.j.t.JMeterThread: Stopping because end time detected by thread: Ticket Readers 1-202
2026-07-27 11:27:40,636 INFO o.a.j.t.JMeterThread: Thread finished: Ticket Readers 1-202
2026-07-27 11:27:40,637 INFO o.a.j.t.JMeterThread: Stopping because end time detected by thread: Ticket Readers 1-328
2026-07-27 11:27:40,637 INFO o.a.j.t.JMeterThread: Thread finished: Ticket Readers 1-328
2026-07-27 11:27:40,638 INFO o.a.j.t.JMeterThread: Stopping because end time detected by thread: Ticket Readers 1-173
2026-07-27 11:27:40,638 INFO o.a.j.t.JMeterThread: Thread finished: Ticket Readers 1-173
2026-07-27 11:27:40,639 INFO o.a.j.t.JMeterThread: Stopping because end time detected by thread: Ticket Readers 1-58
2026-07-27 11:27:40,639 INFO o.a.j.t.JMeterThread: Thread finished: Ticket Readers 1-58
2026-07-27 11:27:40,639 INFO o.a.j.t.JMeterThread: Stopping because end time detected by thread: Ticket Readers 1-366
2026-07-27 11:27:40,639 INFO o.a.j.t.JMeterThread: Thread finished: Ticket Readers 1-366
2026-07-27 11:27:40,640 INFO o.a.j.t.JMeterThread: Stopping because end time detected by thread: Ticket Readers 1-507
2026-07-27 11:27:40,640 INFO o.a.j.t.JMeterThread: Thread finished: Ticket Readers 1-507
2026-07-27 11:27:40,640 INFO o.a.j.t.JMeterThread: Stopping because end time detected by thread: Ticket Readers 1-154
2026-07-27 11:27:40,640 INFO o.a.j.t.JMeterThread: Thread finished: Ticket Readers 1-154
2026-07-27 11:27:40,641 INFO o.a.j.t.JMeterThread: Stopping because end time detected by thread: Ticket Readers 1-382
2026-07-27 11:27:40,641 INFO o.a.j.t.JMeterThread: Thread finished: Ticket Readers 1-382
2026-07-27 11:27:40,643 INFO o.a.j.t.JMeterThread: Stopping because end time detected by thread: Ticket Readers 1-316
2026-07-27 11:27:40,643 INFO o.a.j.t.JMeterThread: Thread finished: Ticket Readers 1-316
2026-07-27 11:27:40,644 INFO o.a.j.t.JMeterThread: Stopping because end time detected by thread: Ticket Readers 1-351
2026-07-27 11:27:40,644 INFO o.a.j.t.JMeterThread: Thread finished: Ticket Readers 1-351
2026-07-27 11:27:40,645 INFO o.a.j.t.JMeterThread: Stopping because end time detected by thread: Ticket Readers 1-482
2026-07-27 11:27:40,645 INFO o.a.j.t.JMeterThread: Thread finished: Ticket Readers 1-482
2026-07-27 11:27:40,645 INFO o.a.j.t.JMeterThread: Stopping because end time detected by thread: Ticket Readers 1-94
2026-07-27 11:27:40,645 INFO o.a.j.t.JMeterThread: Thread finished: Ticket Readers 1-94
2026-07-27 11:27:40,646 INFO o.a.j.t.JMeterThread: Stopping because end time detected by thread: Ticket Readers 1-497
2026-07-27 11:27:40,646 INFO o.a.j.t.JMeterThread: Thread finished: Ticket Readers 1-497
2026-07-27 11:27:40,646 INFO o.a.j.t.JMeterThread: Stopping because end time detected by thread: Ticket Readers 1-219
2026-07-27 11:27:40,646 INFO o.a.j.t.JMeterThread: Thread finished: Ticket Readers 1-219
2026-07-27 11:27:40,647 INFO o.a.j.t.JMeterThread: Stopping because end time detected by thread: Ticket Readers 1-208
2026-07-27 11:27:40,647 INFO o.a.j.t.JMeterThread: Thread finished: Ticket Readers 1-208
2026-07-27 11:27:40,647 INFO o.a.j.t.JMeterThread: Stopping because end time detected by thread: Ticket Readers 1-447
2026-07-27 11:27:40,647 INFO o.a.j.t.JMeterThread: Thread finished: Ticket Readers 1-447
2026-07-27 11:27:40,648 INFO o.a.j.t.JMeterThread: Stopping because end time detected by thread: Ticket Readers 1-56
2026-07-27 11:27:40,648 INFO o.a.j.t.JMeterThread: Thread finished: Ticket Readers 1-56
2026-07-27 11:27:40,648 INFO o.a.j.t.JMeterThread: Stopping because end time detected by thread: Ticket Readers 1-146
2026-07-27 11:27:40,648 INFO o.a.j.t.JMeterThread: Thread finished: Ticket Readers 1-146
2026-07-27 11:27:40,648 INFO o.a.j.t.JMeterThread: Stopping because end time detected by thread: Ticket Readers 1-555
2026-07-27 11:27:40,648 INFO o.a.j.t.JMeterThread: Thread finished: Ticket Readers 1-555
2026-07-27 11:27:40,650 INFO o.a.j.t.JMeterThread: Stopping because end time detected by thread: Ticket Readers 1-521
2026-07-27 11:27:40,650 INFO o.a.j.t.JMeterThread: Thread finished: Ticket Readers 1-521
2026-07-27 11:27:40,652 INFO o.a.j.t.JMeterThread: Stopping because end time detected by thread: Ticket Readers 1-157
2026-07-27 11:27:40,653 INFO o.a.j.t.JMeterThread: Thread finished: Ticket Readers 1-157
2026-07-27 11:27:40,653 INFO o.a.j.t.JMeterThread: Stopping because end time detected by thread: Ticket Readers 1-323
2026-07-27 11:27:40,653 INFO o.a.j.t.JMeterThread: Thread finished: Ticket Readers 1-323
2026-07-27 11:27:40,654 INFO o.a.j.t.JMeterThread: Stopping because end time detected by thread: Ticket Readers 1-518
2026-07-27 11:27:40,654 INFO o.a.j.t.JMeterThread: Thread finished: Ticket Readers 1-518
2026-07-27 11:27:40,654 INFO o.a.j.t.JMeterThread: Stopping because end time detected by thread: Ticket Readers 1-568
2026-07-27 11:27:40,655 INFO o.a.j.t.JMeterThread: Thread finished: Ticket Readers 1-568
2026-07-27 11:27:40,655 INFO o.a.j.t.JMeterThread: Stopping because end time detected by thread: Ticket Readers 1-385
2026-07-27 11:27:40,655 INFO o.a.j.t.JMeterThread: Thread finished: Ticket Readers 1-385
2026-07-27 11:27:40,656 INFO o.a.j.t.JMeterThread: Stopping because end time detected by thread: Ticket Readers 1-380
2026-07-27 11:27:40,656 INFO o.a.j.t.JMeterThread: Stopping because end time detected by thread: Ticket Readers 1-240
2026-07-27 11:27:40,657 INFO o.a.j.t.JMeterThread: Thread finished: Ticket Readers 1-380
2026-07-27 11:27:40,657 INFO o.a.j.t.JMeterThread: Thread finished: Ticket Readers 1-240
2026-07-27 11:27:40,657 INFO o.a.j.t.JMeterThread: Stopping because end time detected by thread: Ticket Readers 1-622
2026-07-27 11:27:40,658 INFO o.a.j.t.JMeterThread: Thread finished: Ticket Readers 1-622
2026-07-27 11:27:40,658 INFO o.a.j.t.JMeterThread: Stopping because end time detected by thread: Ticket Readers 1-437
2026-07-27 11:27:40,658 INFO o.a.j.t.JMeterThread: Thread finished: Ticket Readers 1-437
2026-07-27 11:27:40,659 INFO o.a.j.t.JMeterThread: Stopping because end time detected by thread: Ticket Readers 1-249
2026-07-27 11:27:40,659 INFO o.a.j.t.JMeterThread: Thread finished: Ticket Readers 1-249
2026-07-27 11:27:40,660 INFO o.a.j.t.JMeterThread: Stopping because end time detected by thread: Ticket Readers 1-181
2026-07-27 11:27:40,660 INFO o.a.j.t.JMeterThread: Thread finished: Ticket Readers 1-181
2026-07-27 11:27:40,660 INFO o.a.j.t.JMeterThread: Stopping because end time detected by thread: Ticket Readers 1-268
2026-07-27 11:27:40,660 INFO o.a.j.t.JMeterThread: Stopping because end time detected by thread: Ticket Readers 1-211
2026-07-27 11:27:40,660 INFO o.a.j.t.JMeterThread: Stopping because end time detected by thread: Ticket Readers 1-453
2026-07-27 11:27:40,660 INFO o.a.j.t.JMeterThread: Thread finished: Ticket Readers 1-211
2026-07-27 11:27:40,660 INFO o.a.j.t.JMeterThread: Thread finished: Ticket Readers 1-453
2026-07-27 11:27:40,660 INFO o.a.j.t.JMeterThread: Thread finished: Ticket Readers 1-268
2026-07-27 11:27:40,663 INFO o.a.j.t.JMeterThread: Stopping because end time detected by thread: Ticket Readers 1-551
2026-07-27 11:27:40,663 INFO o.a.j.t.JMeterThread: Stopping because end time detected by thread: Ticket Readers 1-2
2026-07-27 11:27:40,663 INFO o.a.j.t.JMeterThread: Thread finished: Ticket Readers 1-2
2026-07-27 11:27:40,663 INFO o.a.j.t.JMeterThread: Stopping because end time detected by thread: Ticket Readers 1-98
2026-07-27 11:27:40,663 INFO o.a.j.t.JMeterThread: Thread finished: Ticket Readers 1-98
2026-07-27 11:27:40,663 INFO o.a.j.t.JMeterThread: Thread finished: Ticket Readers 1-551
2026-07-27 11:27:40,663 INFO o.a.j.t.JMeterThread: Stopping because end time detected by thread: Ticket Readers 1-13
2026-07-27 11:27:40,664 INFO o.a.j.t.JMeterThread: Thread finished: Ticket Readers 1-13
2026-07-27 11:27:40,665 INFO o.a.j.t.JMeterThread: Stopping because end time detected by thread: Ticket Readers 1-334
2026-07-27 11:27:40,665 INFO o.a.j.t.JMeterThread: Thread finished: Ticket Readers 1-334
2026-07-27 11:27:40,665 INFO o.a.j.t.JMeterThread: Stopping because end time detected by thread: Ticket Readers 1-389
2026-07-27 11:27:40,666 INFO o.a.j.t.JMeterThread: Thread finished: Ticket Readers 1-389
2026-07-27 11:27:40,667 INFO o.a.j.t.JMeterThread: Stopping because end time detected by thread: Ticket Readers 1-667
2026-07-27 11:27:40,667 INFO o.a.j.t.JMeterThread: Thread finished: Ticket Readers 1-667
2026-07-27 11:27:40,667 INFO o.a.j.t.JMeterThread: Stopping because end time detected by thread: Ticket Readers 1-298
2026-07-27 11:27:40,667 INFO o.a.j.t.JMeterThread: Thread finished: Ticket Readers 1-298
2026-07-27 11:27:40,670 INFO o.a.j.t.JMeterThread: Stopping because end time detected by thread: Ticket Readers 1-500
2026-07-27 11:27:40,670 INFO o.a.j.t.JMeterThread: Thread finished: Ticket Readers 1-500
2026-07-27 11:27:40,671 INFO o.a.j.t.JMeterThread: Stopping because end time detected by thread: Ticket Readers 1-88
2026-07-27 11:27:40,671 INFO o.a.j.t.JMeterThread: Thread finished: Ticket Readers 1-88
2026-07-27 11:27:40,671 INFO o.a.j.t.JMeterThread: Stopping because end time detected by thread: Ticket Readers 1-346
2026-07-27 11:27:40,671 INFO o.a.j.t.JMeterThread: Stopping because end time detected by thread: Ticket Readers 1-561
2026-07-27 11:27:40,671 INFO o.a.j.t.JMeterThread: Thread finished: Ticket Readers 1-346
2026-07-27 11:27:40,671 INFO o.a.j.t.JMeterThread: Thread finished: Ticket Readers 1-561
2026-07-27 11:27:40,672 INFO o.a.j.t.JMeterThread: Stopping because end time detected by thread: Ticket Readers 1-221
2026-07-27 11:27:40,672 INFO o.a.j.t.JMeterThread: Thread finished: Ticket Readers 1-221
2026-07-27 11:27:40,673 INFO o.a.j.t.JMeterThread: Stopping because end time detected by thread: Ticket Readers 1-347
2026-07-27 11:27:40,674 INFO o.a.j.t.JMeterThread: Thread finished: Ticket Readers 1-347
2026-07-27 11:27:40,675 INFO o.a.j.t.JMeterThread: Stopping because end time detected by thread: Ticket Readers 1-167
2026-07-27 11:27:40,675 INFO o.a.j.t.JMeterThread: Thread finished: Ticket Readers 1-167
2026-07-27 11:27:40,675 INFO o.a.j.t.JMeterThread: Stopping because end time detected by thread: Ticket Readers 1-100
2026-07-27 11:27:40,675 INFO o.a.j.t.JMeterThread: Stopping because end time detected by thread: Ticket Readers 1-623
2026-07-27 11:27:40,675 INFO o.a.j.t.JMeterThread: Thread finished: Ticket Readers 1-100
2026-07-27 11:27:40,675 INFO o.a.j.t.JMeterThread: Thread finished: Ticket Readers 1-623
2026-07-27 11:27:40,675 INFO o.a.j.t.JMeterThread: Stopping because end time detected by thread: Ticket Readers 1-525
2026-07-27 11:27:40,675 INFO o.a.j.t.JMeterThread: Thread finished: Ticket Readers 1-525
2026-07-27 11:27:40,676 INFO o.a.j.t.JMeterThread: Stopping because end time detected by thread: Ticket Readers 1-5
2026-07-27 11:27:40,676 INFO o.a.j.t.JMeterThread: Thread finished: Ticket Readers 1-5
2026-07-27 11:27:40,676 INFO o.a.j.t.JMeterThread: Stopping because end time detected by thread: Ticket Readers 1-388
2026-07-27 11:27:40,676 INFO o.a.j.t.JMeterThread: Thread finished: Ticket Readers 1-388
2026-07-27 11:27:40,676 INFO o.a.j.t.JMeterThread: Stopping because end time detected by thread: Ticket Readers 1-24
2026-07-27 11:27:40,676 INFO o.a.j.t.JMeterThread: Thread finished: Ticket Readers 1-24
2026-07-27 11:27:40,678 INFO o.a.j.t.JMeterThread: Stopping because end time detected by thread: Ticket Readers 1-78
2026-07-27 11:27:40,679 INFO o.a.j.t.JMeterThread: Thread finished: Ticket Readers 1-78
2026-07-27 11:27:40,679 INFO o.a.j.t.JMeterThread: Stopping because end time detected by thread: Ticket Readers 1-54
2026-07-27 11:27:40,679 INFO o.a.j.t.JMeterThread: Thread finished: Ticket Readers 1-54
2026-07-27 11:27:40,683 INFO o.a.j.t.JMeterThread: Stopping because end time detected by thread: Ticket Readers 1-394
2026-07-27 11:27:40,683 INFO o.a.j.t.JMeterThread: Stopping because end time detected by thread: Ticket Readers 1-36
2026-07-27 11:27:40,684 INFO o.a.j.t.JMeterThread: Thread finished: Ticket Readers 1-394
2026-07-27 11:27:40,683 INFO o.a.j.t.JMeterThread: Stopping because end time detected by thread: Ticket Readers 1-357
2026-07-27 11:27:40,684 INFO o.a.j.t.JMeterThread: Thread finished: Ticket Readers 1-357
2026-07-27 11:27:40,684 INFO o.a.j.t.JMeterThread: Thread finished: Ticket Readers 1-36
2026-07-27 11:27:40,684 INFO o.a.j.t.JMeterThread: Stopping because end time detected by thread: Ticket Readers 1-609
2026-07-27 11:27:40,684 INFO o.a.j.t.JMeterThread: Thread finished: Ticket Readers 1-609
2026-07-27 11:27:40,685 INFO o.a.j.t.JMeterThread: Stopping because end time detected by thread: Ticket Readers 1-48
2026-07-27 11:27:40,685 INFO o.a.j.t.JMeterThread: Thread finished: Ticket Readers 1-48
2026-07-27 11:27:40,685 INFO o.a.j.t.JMeterThread: Stopping because end time detected by thread: Ticket Readers 1-214
2026-07-27 11:27:40,685 INFO o.a.j.t.JMeterThread: Thread finished: Ticket Readers 1-214
2026-07-27 11:27:40,686 INFO o.a.j.t.JMeterThread: Stopping because end time detected by thread: Ticket Readers 1-258
2026-07-27 11:27:40,686 INFO o.a.j.t.JMeterThread: Thread finished: Ticket Readers 1-258
2026-07-27 11:27:40,686 INFO o.a.j.t.JMeterThread: Stopping because end time detected by thread: Ticket Readers 1-53
2026-07-27 11:27:40,686 INFO o.a.j.t.JMeterThread: Thread finished: Ticket Readers 1-53
2026-07-27 11:27:40,687 INFO o.a.j.t.JMeterThread: Stopping because end time detected by thread: Ticket Readers 1-504
2026-07-27 11:27:40,687 INFO o.a.j.t.JMeterThread: Thread finished: Ticket Readers 1-504
2026-07-27 11:27:40,688 INFO o.a.j.t.JMeterThread: Stopping because end time detected by thread: Ticket Readers 1-11
2026-07-27 11:27:40,688 INFO o.a.j.t.JMeterThread: Thread finished: Ticket Readers 1-11
2026-07-27 11:27:40,691 INFO o.a.j.t.JMeterThread: Stopping because end time detected by thread: Ticket Readers 1-483
2026-07-27 11:27:40,691 INFO o.a.j.t.JMeterThread: Thread finished: Ticket Readers 1-483
2026-07-27 11:27:40,692 INFO o.a.j.t.JMeterThread: Stopping because end time detected by thread: Ticket Readers 1-581
2026-07-27 11:27:40,692 INFO o.a.j.t.JMeterThread: Thread finished: Ticket Readers 1-581
2026-07-27 11:27:40,692 INFO o.a.j.t.JMeterThread: Stopping because end time detected by thread: Ticket Readers 1-310
2026-07-27 11:27:40,692 INFO o.a.j.t.JMeterThread: Thread finished: Ticket Readers 1-310
2026-07-27 11:27:40,692 INFO o.a.j.t.JMeterThread: Stopping because end time detected by thread: Ticket Readers 1-405
2026-07-27 11:27:40,692 INFO o.a.j.t.JMeterThread: Thread finished: Ticket Readers 1-405
2026-07-27 11:27:40,692 INFO o.a.j.t.JMeterThread: Stopping because end time detected by thread: Ticket Readers 1-488
2026-07-27 11:27:40,692 INFO o.a.j.t.JMeterThread: Thread finished: Ticket Readers 1-488
2026-07-27 11:27:40,694 INFO o.a.j.t.JMeterThread: Stopping because end time detected by thread: Ticket Readers 1-414
2026-07-27 11:27:40,694 INFO o.a.j.t.JMeterThread: Stopping because end time detected by thread: Ticket Readers 1-349
2026-07-27 11:27:40,694 INFO o.a.j.t.JMeterThread: Thread finished: Ticket Readers 1-414
2026-07-27 11:27:40,694 INFO o.a.j.t.JMeterThread: Thread finished: Ticket Readers 1-349
2026-07-27 11:27:40,695 INFO o.a.j.t.JMeterThread: Stopping because end time detected by thread: Ticket Readers 1-552
2026-07-27 11:27:40,695 INFO o.a.j.t.JMeterThread: Thread finished: Ticket Readers 1-552
2026-07-27 11:27:40,695 INFO o.a.j.t.JMeterThread: Stopping because end time detected by thread: Ticket Readers 1-384
2026-07-27 11:27:40,695 INFO o.a.j.t.JMeterThread: Thread finished: Ticket Readers 1-384
2026-07-27 11:27:40,697 INFO o.a.j.t.JMeterThread: Stopping because end time detected by thread: Ticket Readers 1-567
2026-07-27 11:27:40,698 INFO o.a.j.t.JMeterThread: Stopping because end time detected by thread: Ticket Readers 1-495
2026-07-27 11:27:40,698 INFO o.a.j.t.JMeterThread: Thread finished: Ticket Readers 1-495
2026-07-27 11:27:40,698 INFO o.a.j.t.JMeterThread: Thread finished: Ticket Readers 1-567
2026-07-27 11:27:40,700 INFO o.a.j.t.JMeterThread: Stopping because end time detected by thread: Ticket Readers 1-122
2026-07-27 11:27:40,700 INFO o.a.j.t.JMeterThread: Thread finished: Ticket Readers 1-122
2026-07-27 11:27:40,701 INFO o.a.j.t.JMeterThread: Stopping because end time detected by thread: Ticket Readers 1-241
2026-07-27 11:27:40,701 INFO o.a.j.t.JMeterThread: Thread finished: Ticket Readers 1-241
2026-07-27 11:27:40,701 INFO o.a.j.t.JMeterThread: Stopping because end time detected by thread: Ticket Readers 1-509
2026-07-27 11:27:40,701 INFO o.a.j.t.JMeterThread: Thread finished: Ticket Readers 1-509
2026-07-27 11:27:40,702 INFO o.a.j.t.JMeterThread: Stopping because end time detected by thread: Ticket Readers 1-245
2026-07-27 11:27:40,702 INFO o.a.j.t.JMeterThread: Thread finished: Ticket Readers 1-245
2026-07-27 11:27:40,702 INFO o.a.j.t.JMeterThread: Stopping because end time detected by thread: Ticket Readers 1-275
2026-07-27 11:27:40,702 INFO o.a.j.t.JMeterThread: Thread finished: Ticket Readers 1-275
2026-07-27 11:27:40,702 INFO o.a.j.t.JMeterThread: Stopping because end time detected by thread: Ticket Readers 1-339
2026-07-27 11:27:40,702 INFO o.a.j.t.JMeterThread: Thread finished: Ticket Readers 1-339
2026-07-27 11:27:40,702 INFO o.a.j.t.JMeterThread: Stopping because end time detected by thread: Ticket Readers 1-490
2026-07-27 11:27:40,702 INFO o.a.j.t.JMeterThread: Thread finished: Ticket Readers 1-490
2026-07-27 11:27:40,703 INFO o.a.j.t.JMeterThread: Stopping because end time detected by thread: Ticket Readers 1-332
2026-07-27 11:27:40,703 INFO o.a.j.t.JMeterThread: Thread finished: Ticket Readers 1-332
2026-07-27 11:27:40,703 INFO o.a.j.t.JMeterThread: Stopping because end time detected by thread: Ticket Readers 1-300
2026-07-27 11:27:40,704 INFO o.a.j.t.JMeterThread: Thread finished: Ticket Readers 1-300
2026-07-27 11:27:40,704 INFO o.a.j.t.JMeterThread: Stopping because end time detected by thread: Ticket Readers 1-60
2026-07-27 11:27:40,704 INFO o.a.j.t.JMeterThread: Thread finished: Ticket Readers 1-60
2026-07-27 11:27:40,704 INFO o.a.j.t.JMeterThread: Stopping because end time detected by thread: Ticket Readers 1-335
2026-07-27 11:27:40,704 INFO o.a.j.t.JMeterThread: Thread finished: Ticket Readers 1-335
2026-07-27 11:27:40,705 INFO o.a.j.t.JMeterThread: Stopping because end time detected by thread: Ticket Readers 1-669
2026-07-27 11:27:40,705 INFO o.a.j.t.JMeterThread: Thread finished: Ticket Readers 1-669
2026-07-27 11:27:40,705 INFO o.a.j.t.JMeterThread: Stopping because end time detected by thread: Ticket Readers 1-364
2026-07-27 11:27:40,705 INFO o.a.j.t.JMeterThread: Thread finished: Ticket Readers 1-364
2026-07-27 11:27:40,705 INFO o.a.j.t.JMeterThread: Stopping because end time detected by thread: Ticket Readers 1-423
2026-07-27 11:27:40,705 INFO o.a.j.t.JMeterThread: Thread finished: Ticket Readers 1-423
2026-07-27 11:27:40,707 INFO o.a.j.t.JMeterThread: Stopping because end time detected by thread: Ticket Readers 1-222
2026-07-27 11:27:40,707 INFO o.a.j.t.JMeterThread: Thread finished: Ticket Readers 1-222
2026-07-27 11:27:40,707 INFO o.a.j.t.JMeterThread: Stopping because end time detected by thread: Ticket Readers 1-360
2026-07-27 11:27:40,707 INFO o.a.j.t.JMeterThread: Thread finished: Ticket Readers 1-360
2026-07-27 11:27:40,708 INFO o.a.j.t.JMeterThread: Stopping because end time detected by thread: Ticket Readers 1-104
2026-07-27 11:27:40,708 INFO o.a.j.t.JMeterThread: Thread finished: Ticket Readers 1-104
2026-07-27 11:27:40,708 INFO o.a.j.t.JMeterThread: Stopping because end time detected by thread: Ticket Readers 1-395
2026-07-27 11:27:40,708 INFO o.a.j.t.JMeterThread: Thread finished: Ticket Readers 1-395
2026-07-27 11:27:40,708 INFO o.a.j.t.JMeterThread: Stopping because end time detected by thread: Ticket Readers 1-341
2026-07-27 11:27:40,708 INFO o.a.j.t.JMeterThread: Thread finished: Ticket Readers 1-341
2026-07-27 11:27:40,708 INFO o.a.j.t.JMeterThread: Stopping because end time detected by thread: Ticket Readers 1-371
2026-07-27 11:27:40,708 INFO o.a.j.t.JMeterThread: Thread finished: Ticket Readers 1-371
2026-07-27 11:27:40,709 INFO o.a.j.t.JMeterThread: Stopping because end time detected by thread: Ticket Readers 1-161
2026-07-27 11:27:40,709 INFO o.a.j.t.JMeterThread: Thread finished: Ticket Readers 1-161
2026-07-27 11:27:40,709 INFO o.a.j.t.JMeterThread: Stopping because end time detected by thread: Ticket Readers 1-597
2026-07-27 11:27:40,709 INFO o.a.j.t.JMeterThread: Thread finished: Ticket Readers 1-597
2026-07-27 11:27:40,710 INFO o.a.j.t.JMeterThread: Stopping because end time detected by thread: Ticket Readers 1-653
2026-07-27 11:27:40,710 INFO o.a.j.t.JMeterThread: Thread finished: Ticket Readers 1-653
2026-07-27 11:27:40,715 INFO o.a.j.t.JMeterThread: Stopping because end time detected by thread: Ticket Readers 1-536
2026-07-27 11:27:40,715 INFO o.a.j.t.JMeterThread: Thread finished: Ticket Readers 1-536
2026-07-27 11:27:40,716 INFO o.a.j.t.JMeterThread: Stopping because end time detected by thread: Ticket Readers 1-188
2026-07-27 11:27:40,716 INFO o.a.j.t.JMeterThread: Thread finished: Ticket Readers 1-188
2026-07-27 11:27:40,716 INFO o.a.j.t.JMeterThread: Stopping because end time detected by thread: Ticket Readers 1-533
2026-07-27 11:27:40,716 INFO o.a.j.t.JMeterThread: Thread finished: Ticket Readers 1-533
2026-07-27 11:27:40,716 INFO o.a.j.t.JMeterThread: Stopping because end time detected by thread: Ticket Readers 1-647
2026-07-27 11:27:40,716 INFO o.a.j.t.JMeterThread: Thread finished: Ticket Readers 1-647
2026-07-27 11:27:40,716 INFO o.a.j.t.JMeterThread: Stopping because end time detected by thread: Ticket Readers 1-600
2026-07-27 11:27:40,716 INFO o.a.j.t.JMeterThread: Thread finished: Ticket Readers 1-600
2026-07-27 11:27:40,720 INFO o.a.j.t.JMeterThread: Stopping because end time detected by thread: Ticket Readers 1-393
2026-07-27 11:27:40,720 INFO o.a.j.t.JMeterThread: Thread finished: Ticket Readers 1-393
2026-07-27 11:27:40,720 INFO o.a.j.t.JMeterThread: Stopping because end time detected by thread: Ticket Readers 1-29
2026-07-27 11:27:40,720 INFO o.a.j.t.JMeterThread: Thread finished: Ticket Readers 1-29
2026-07-27 11:27:40,720 INFO o.a.j.t.JMeterThread: Stopping because end time detected by thread: Ticket Readers 1-444
2026-07-27 11:27:40,720 INFO o.a.j.t.JMeterThread: Thread finished: Ticket Readers 1-444
2026-07-27 11:27:40,720 INFO o.a.j.t.JMeterThread: Stopping because end time detected by thread: Ticket Readers 1-401
2026-07-27 11:27:40,720 INFO o.a.j.t.JMeterThread: Thread finished: Ticket Readers 1-401
2026-07-27 11:27:40,720 INFO o.a.j.t.JMeterThread: Stopping because end time detected by thread: Ticket Readers 1-505
2026-07-27 11:27:40,720 INFO o.a.j.t.JMeterThread: Thread finished: Ticket Readers 1-505
2026-07-27 11:27:40,721 INFO o.a.j.t.JMeterThread: Stopping because end time detected by thread: Ticket Readers 1-519
2026-07-27 11:27:40,722 INFO o.a.j.t.JMeterThread: Thread finished: Ticket Readers 1-519
2026-07-27 11:27:40,722 INFO o.a.j.t.JMeterThread: Stopping because end time detected by thread: Ticket Readers 1-448
2026-07-27 11:27:40,722 INFO o.a.j.t.JMeterThread: Thread finished: Ticket Readers 1-448
2026-07-27 11:27:40,723 INFO o.a.j.t.JMeterThread: Stopping because end time detected by thread: Ticket Readers 1-665
2026-07-27 11:27:40,723 INFO o.a.j.t.JMeterThread: Thread finished: Ticket Readers 1-665
2026-07-27 11:27:40,723 INFO o.a.j.t.JMeterThread: Stopping because end time detected by thread: Ticket Readers 1-520
2026-07-27 11:27:40,723 INFO o.a.j.t.JMeterThread: Thread finished: Ticket Readers 1-520
2026-07-27 11:27:40,725 INFO o.a.j.t.JMeterThread: Stopping because end time detected by thread: Ticket Readers 1-454
2026-07-27 11:27:40,725 INFO o.a.j.t.JMeterThread: Stopping because end time detected by thread: Ticket Readers 1-262
2026-07-27 11:27:40,725 INFO o.a.j.t.JMeterThread: Thread finished: Ticket Readers 1-454
2026-07-27 11:27:40,725 INFO o.a.j.t.JMeterThread: Thread finished: Ticket Readers 1-262
2026-07-27 11:27:40,726 INFO o.a.j.t.JMeterThread: Stopping because end time detected by thread: Ticket Readers 1-435
2026-07-27 11:27:40,726 INFO o.a.j.t.JMeterThread: Thread finished: Ticket Readers 1-435
2026-07-27 11:27:40,726 INFO o.a.j.t.JMeterThread: Stopping because end time detected by thread: Ticket Readers 1-569
2026-07-27 11:27:40,727 INFO o.a.j.t.JMeterThread: Thread finished: Ticket Readers 1-569
2026-07-27 11:27:40,727 INFO o.a.j.t.JMeterThread: Stopping because end time detected by thread: Ticket Readers 1-392
2026-07-27 11:27:40,727 INFO o.a.j.t.JMeterThread: Thread finished: Ticket Readers 1-392
2026-07-27 11:27:40,727 INFO o.a.j.t.JMeterThread: Stopping because end time detected by thread: Ticket Readers 1-301
2026-07-27 11:27:40,727 INFO o.a.j.t.JMeterThread: Thread finished: Ticket Readers 1-301
2026-07-27 11:27:40,730 INFO o.a.j.t.JMeterThread: Stopping because end time detected by thread: Ticket Readers 1-587
2026-07-27 11:27:40,730 INFO o.a.j.t.JMeterThread: Stopping because end time detected by thread: Ticket Readers 1-372
2026-07-27 11:27:40,730 INFO o.a.j.t.JMeterThread: Thread finished: Ticket Readers 1-587
2026-07-27 11:27:40,730 INFO o.a.j.t.JMeterThread: Thread finished: Ticket Readers 1-372
2026-07-27 11:27:40,731 INFO o.a.j.t.JMeterThread: Stopping because end time detected by thread: Ticket Readers 1-99
2026-07-27 11:27:40,731 INFO o.a.j.t.JMeterThread: Thread finished: Ticket Readers 1-99
2026-07-27 11:27:40,731 INFO o.a.j.t.JMeterThread: Stopping because end time detected by thread: Ticket Readers 1-115
2026-07-27 11:27:40,731 INFO o.a.j.t.JMeterThread: Thread finished: Ticket Readers 1-115
2026-07-27 11:27:40,731 INFO o.a.j.t.JMeterThread: Stopping because end time detected by thread: Ticket Readers 1-436
2026-07-27 11:27:40,731 INFO o.a.j.t.JMeterThread: Thread finished: Ticket Readers 1-436
2026-07-27 11:27:40,731 INFO o.a.j.t.JMeterThread: Stopping because end time detected by thread: Ticket Readers 1-47
2026-07-27 11:27:40,731 INFO o.a.j.t.JMeterThread: Thread finished: Ticket Readers 1-47
2026-07-27 11:27:40,731 INFO o.a.j.t.JMeterThread: Stopping because end time detected by thread: Ticket Readers 1-72
2026-07-27 11:27:40,731 INFO o.a.j.t.JMeterThread: Thread finished: Ticket Readers 1-72
2026-07-27 11:27:40,732 INFO o.a.j.t.JMeterThread: Stopping because end time detected by thread: Ticket Readers 1-277
2026-07-27 11:27:40,732 INFO o.a.j.t.JMeterThread: Thread finished: Ticket Readers 1-277
2026-07-27 11:27:40,735 INFO o.a.j.t.JMeterThread: Stopping because end time detected by thread: Ticket Readers 1-418
2026-07-27 11:27:40,735 INFO o.a.j.t.JMeterThread: Stopping because end time detected by thread: Ticket Readers 1-218
2026-07-27 11:27:40,735 INFO o.a.j.t.JMeterThread: Stopping because end time detected by thread: Ticket Readers 1-26
2026-07-27 11:27:40,735 INFO o.a.j.t.JMeterThread: Thread finished: Ticket Readers 1-418
2026-07-27 11:27:40,735 INFO o.a.j.t.JMeterThread: Thread finished: Ticket Readers 1-26
2026-07-27 11:27:40,735 INFO o.a.j.t.JMeterThread: Thread finished: Ticket Readers 1-218
2026-07-27 11:27:40,736 INFO o.a.j.t.JMeterThread: Stopping because end time detected by thread: Ticket Readers 1-282
2026-07-27 11:27:40,736 INFO o.a.j.t.JMeterThread: Thread finished: Ticket Readers 1-282
2026-07-27 11:27:40,736 INFO o.a.j.t.JMeterThread: Stopping because end time detected by thread: Ticket Readers 1-579
2026-07-27 11:27:40,736 INFO o.a.j.t.JMeterThread: Thread finished: Ticket Readers 1-579
2026-07-27 11:27:40,737 INFO o.a.j.t.JMeterThread: Stopping because end time detected by thread: Ticket Readers 1-628
2026-07-27 11:27:40,737 INFO o.a.j.t.JMeterThread: Thread finished: Ticket Readers 1-628
2026-07-27 11:27:40,739 INFO o.a.j.t.JMeterThread: Stopping because end time detected by thread: Ticket Readers 1-286
2026-07-27 11:27:40,739 INFO o.a.j.t.JMeterThread: Thread finished: Ticket Readers 1-286
2026-07-27 11:27:40,741 INFO o.a.j.t.JMeterThread: Stopping because end time detected by thread: Ticket Readers 1-133
2026-07-27 11:27:40,741 INFO o.a.j.t.JMeterThread: Stopping because end time detected by thread: Ticket Readers 1-175
2026-07-27 11:27:40,741 INFO o.a.j.t.JMeterThread: Thread finished: Ticket Readers 1-175
2026-07-27 11:27:40,742 INFO o.a.j.t.JMeterThread: Stopping because end time detected by thread: Ticket Readers 1-410
2026-07-27 11:27:40,742 INFO o.a.j.t.JMeterThread: Thread finished: Ticket Readers 1-410
2026-07-27 11:27:40,743 INFO o.a.j.t.JMeterThread: Stopping because end time detected by thread: Ticket Readers 1-234
2026-07-27 11:27:40,743 INFO o.a.j.t.JMeterThread: Thread finished: Ticket Readers 1-234
2026-07-27 11:27:40,744 INFO o.a.j.t.JMeterThread: Stopping because end time detected by thread: Ticket Readers 1-651
2026-07-27 11:27:40,744 INFO o.a.j.t.JMeterThread: Thread finished: Ticket Readers 1-651
2026-07-27 11:27:40,744 INFO o.a.j.t.JMeterThread: Stopping because end time detected by thread: Ticket Readers 1-616
2026-07-27 11:27:40,744 INFO o.a.j.t.JMeterThread: Thread finished: Ticket Readers 1-616
2026-07-27 11:27:40,741 INFO o.a.j.t.JMeterThread: Thread finished: Ticket Readers 1-133
2026-07-27 11:27:40,746 INFO o.a.j.t.JMeterThread: Stopping because end time detected by thread: Ticket Readers 1-319
2026-07-27 11:27:40,746 INFO o.a.j.t.JMeterThread: Thread finished: Ticket Readers 1-319
2026-07-27 11:27:40,749 INFO o.a.j.t.JMeterThread: Stopping because end time detected by thread: Ticket Readers 1-248
2026-07-27 11:27:40,749 INFO o.a.j.t.JMeterThread: Thread finished: Ticket Readers 1-248
2026-07-27 11:27:40,749 INFO o.a.j.t.JMeterThread: Stopping because end time detected by thread: Ticket Readers 1-290
2026-07-27 11:27:40,749 INFO o.a.j.t.JMeterThread: Thread finished: Ticket Readers 1-290
2026-07-27 11:27:40,750 INFO o.a.j.t.JMeterThread: Stopping because end time detected by thread: Ticket Readers 1-257
2026-07-27 11:27:40,750 INFO o.a.j.t.JMeterThread: Thread finished: Ticket Readers 1-257
2026-07-27 11:27:40,750 INFO o.a.j.t.JMeterThread: Stopping because end time detected by thread: Ticket Readers 1-441
2026-07-27 11:27:40,750 INFO o.a.j.t.JMeterThread: Thread finished: Ticket Readers 1-441
2026-07-27 11:27:40,750 INFO o.a.j.t.JMeterThread: Stopping because end time detected by thread: Ticket Readers 1-473
2026-07-27 11:27:40,750 INFO o.a.j.t.JMeterThread: Thread finished: Ticket Readers 1-473
2026-07-27 11:27:40,751 INFO o.a.j.t.JMeterThread: Stopping because end time detected by thread: Ticket Readers 1-539
2026-07-27 11:27:40,751 INFO o.a.j.t.JMeterThread: Thread finished: Ticket Readers 1-539
2026-07-27 11:27:40,752 INFO o.a.j.t.JMeterThread: Stopping because end time detected by thread: Ticket Readers 1-327
2026-07-27 11:27:40,752 INFO o.a.j.t.JMeterThread: Thread finished: Ticket Readers 1-327
2026-07-27 11:27:40,754 INFO o.a.j.t.JMeterThread: Stopping because end time detected by thread: Ticket Readers 1-317
2026-07-27 11:27:40,754 INFO o.a.j.t.JMeterThread: Thread finished: Ticket Readers 1-317
2026-07-27 11:27:40,755 INFO o.a.j.t.JMeterThread: Stopping because end time detected by thread: Ticket Readers 1-460
2026-07-27 11:27:40,755 INFO o.a.j.t.JMeterThread: Thread finished: Ticket Readers 1-460
2026-07-27 11:27:40,755 INFO o.a.j.t.JMeterThread: Stopping because end time detected by thread: Ticket Readers 1-608
2026-07-27 11:27:40,755 INFO o.a.j.t.JMeterThread: Thread finished: Ticket Readers 1-608
2026-07-27 11:27:40,755 INFO o.a.j.t.JMeterThread: Stopping because end time detected by thread: Ticket Readers 1-421
2026-07-27 11:27:40,755 INFO o.a.j.t.JMeterThread: Thread finished: Ticket Readers 1-421
2026-07-27 11:27:40,755 INFO o.a.j.t.JMeterThread: Stopping because end time detected by thread: Ticket Readers 1-45
2026-07-27 11:27:40,755 INFO o.a.j.t.JMeterThread: Thread finished: Ticket Readers 1-45
2026-07-27 11:27:40,757 INFO o.a.j.t.JMeterThread: Stopping because end time detected by thread: Ticket Readers 1-292
2026-07-27 11:27:40,757 INFO o.a.j.t.JMeterThread: Thread finished: Ticket Readers 1-292
2026-07-27 11:27:40,758 INFO o.a.j.t.JMeterThread: Stopping because end time detected by thread: Ticket Readers 1-408
2026-07-27 11:27:40,758 INFO o.a.j.t.JMeterThread: Thread finished: Ticket Readers 1-408
2026-07-27 11:27:40,755 INFO o.a.j.t.JMeterThread: Stopping because end time detected by thread: Ticket Readers 1-236
2026-07-27 11:27:40,758 INFO o.a.j.t.JMeterThread: Thread finished: Ticket Readers 1-236
2026-07-27 11:27:40,758 INFO o.a.j.t.JMeterThread: Stopping because end time detected by thread: Ticket Readers 1-572
2026-07-27 11:27:40,758 INFO o.a.j.t.JMeterThread: Thread finished: Ticket Readers 1-572
2026-07-27 11:27:40,759 INFO o.a.j.t.JMeterThread: Stopping because end time detected by thread: Ticket Readers 1-631
2026-07-27 11:27:40,759 INFO o.a.j.t.JMeterThread: Thread finished: Ticket Readers 1-631
2026-07-27 11:27:40,760 INFO o.a.j.t.JMeterThread: Stopping because end time detected by thread: Ticket Readers 1-466
2026-07-27 11:27:40,760 INFO o.a.j.t.JMeterThread: Thread finished: Ticket Readers 1-466
2026-07-27 11:27:40,760 INFO o.a.j.t.JMeterThread: Stopping because end time detected by thread: Ticket Readers 1-233
2026-07-27 11:27:40,760 INFO o.a.j.t.JMeterThread: Thread finished: Ticket Readers 1-233
2026-07-27 11:27:40,760 INFO o.a.j.t.JMeterThread: Stopping because end time detected by thread: Ticket Readers 1-547
2026-07-27 11:27:40,760 INFO o.a.j.t.JMeterThread: Thread finished: Ticket Readers 1-547
2026-07-27 11:27:40,761 INFO o.a.j.t.JMeterThread: Stopping because end time detected by thread: Ticket Readers 1-636
2026-07-27 11:27:40,761 INFO o.a.j.t.JMeterThread: Thread finished: Ticket Readers 1-636
2026-07-27 11:27:40,762 INFO o.a.j.t.JMeterThread: Stopping because end time detected by thread: Ticket Readers 1-224
2026-07-27 11:27:40,762 INFO o.a.j.t.JMeterThread: Thread finished: Ticket Readers 1-224
2026-07-27 11:27:40,762 INFO o.a.j.t.JMeterThread: Stopping because end time detected by thread: Ticket Readers 1-468
2026-07-27 11:27:40,762 INFO o.a.j.t.JMeterThread: Thread finished: Ticket Readers 1-468
2026-07-27 11:27:40,762 INFO o.a.j.t.JMeterThread: Stopping because end time detected by thread: Ticket Readers 1-544
2026-07-27 11:27:40,762 INFO o.a.j.t.JMeterThread: Thread finished: Ticket Readers 1-544
2026-07-27 11:27:40,763 INFO o.a.j.t.JMeterThread: Stopping because end time detected by thread: Ticket Readers 1-546
2026-07-27 11:27:40,763 INFO o.a.j.t.JMeterThread: Thread finished: Ticket Readers 1-546
2026-07-27 11:27:40,764 INFO o.a.j.t.JMeterThread: Stopping because end time detected by thread: Ticket Readers 1-142
2026-07-27 11:27:40,764 INFO o.a.j.t.JMeterThread: Stopping because end time detected by thread: Ticket Readers 1-479
2026-07-27 11:27:40,764 INFO o.a.j.t.JMeterThread: Thread finished: Ticket Readers 1-479
2026-07-27 11:27:40,764 INFO o.a.j.t.JMeterThread: Stopping because end time detected by thread: Ticket Readers 1-573
2026-07-27 11:27:40,764 INFO o.a.j.t.JMeterThread: Thread finished: Ticket Readers 1-573
2026-07-27 11:27:40,764 INFO o.a.j.t.JMeterThread: Stopping because end time detected by thread: Ticket Readers 1-671
2026-07-27 11:27:40,764 INFO o.a.j.t.JMeterThread: Thread finished: Ticket Readers 1-671
2026-07-27 11:27:40,764 INFO o.a.j.t.JMeterThread: Stopping because end time detected by thread: Ticket Readers 1-182
2026-07-27 11:27:40,765 INFO o.a.j.t.JMeterThread: Thread finished: Ticket Readers 1-182
2026-07-27 11:27:40,765 INFO o.a.j.t.JMeterThread: Stopping because end time detected by thread: Ticket Readers 1-42
2026-07-27 11:27:40,765 INFO o.a.j.t.JMeterThread: Thread finished: Ticket Readers 1-42
2026-07-27 11:27:40,765 INFO o.a.j.t.JMeterThread: Stopping because end time detected by thread: Ticket Readers 1-103
2026-07-27 11:27:40,765 INFO o.a.j.t.JMeterThread: Thread finished: Ticket Readers 1-103
2026-07-27 11:27:40,766 INFO o.a.j.t.JMeterThread: Stopping because end time detected by thread: Ticket Readers 1-390
2026-07-27 11:27:40,766 INFO o.a.j.t.JMeterThread: Thread finished: Ticket Readers 1-390
2026-07-27 11:27:40,766 INFO o.a.j.t.JMeterThread: Stopping because end time detected by thread: Ticket Readers 1-352
2026-07-27 11:27:40,766 INFO o.a.j.t.JMeterThread: Thread finished: Ticket Readers 1-352
2026-07-27 11:27:40,767 INFO o.a.j.t.JMeterThread: Stopping because end time detected by thread: Ticket Readers 1-457
2026-07-27 11:27:40,767 INFO o.a.j.t.JMeterThread: Thread finished: Ticket Readers 1-457
2026-07-27 11:27:40,767 INFO o.a.j.t.JMeterThread: Stopping because end time detected by thread: Ticket Readers 1-138
2026-07-27 11:27:40,767 INFO o.a.j.t.JMeterThread: Thread finished: Ticket Readers 1-138
2026-07-27 11:27:40,767 INFO o.a.j.t.JMeterThread: Stopping because end time detected by thread: Ticket Readers 1-337
2026-07-27 11:27:40,767 INFO o.a.j.t.JMeterThread: Thread finished: Ticket Readers 1-337
2026-07-27 11:27:40,764 INFO o.a.j.t.JMeterThread: Thread finished: Ticket Readers 1-142
2026-07-27 11:27:40,770 INFO o.a.j.t.JMeterThread: Stopping because end time detected by thread: Ticket Readers 1-413
2026-07-27 11:27:40,770 INFO o.a.j.t.JMeterThread: Thread finished: Ticket Readers 1-413
2026-07-27 11:27:40,770 INFO o.a.j.t.JMeterThread: Stopping because end time detected by thread: Ticket Readers 1-187
2026-07-27 11:27:40,771 INFO o.a.j.t.JMeterThread: Thread finished: Ticket Readers 1-187
2026-07-27 11:27:40,769 INFO o.a.j.t.JMeterThread: Stopping because end time detected by thread: Ticket Readers 1-32
2026-07-27 11:27:40,771 INFO o.a.j.t.JMeterThread: Thread finished: Ticket Readers 1-32
2026-07-27 11:27:40,766 INFO o.a.j.t.JMeterThread: Stopping because end time detected by thread: Ticket Readers 1-321
2026-07-27 11:27:40,771 INFO o.a.j.t.JMeterThread: Thread finished: Ticket Readers 1-321
2026-07-27 11:27:40,772 INFO o.a.j.t.JMeterThread: Stopping because end time detected by thread: Ticket Readers 1-255
2026-07-27 11:27:40,772 INFO o.a.j.t.JMeterThread: Thread finished: Ticket Readers 1-255
2026-07-27 11:27:40,772 INFO o.a.j.t.JMeterThread: Stopping because end time detected by thread: Ticket Readers 1-381
2026-07-27 11:27:40,772 INFO o.a.j.t.JMeterThread: Stopping because end time detected by thread: Ticket Readers 1-196
2026-07-27 11:27:40,772 INFO o.a.j.t.JMeterThread: Thread finished: Ticket Readers 1-196
2026-07-27 11:27:40,772 INFO o.a.j.t.JMeterThread: Stopping because end time detected by thread: Ticket Readers 1-150
2026-07-27 11:27:40,773 INFO o.a.j.t.JMeterThread: Thread finished: Ticket Readers 1-150
2026-07-27 11:27:40,774 INFO o.a.j.t.JMeterThread: Stopping because end time detected by thread: Ticket Readers 1-186
2026-07-27 11:27:40,774 INFO o.a.j.t.JMeterThread: Thread finished: Ticket Readers 1-186
2026-07-27 11:27:40,765 INFO o.a.j.t.JMeterThread: Stopping because end time detected by thread: Ticket Readers 1-229
2026-07-27 11:27:40,776 INFO o.a.j.t.JMeterThread: Thread finished: Ticket Readers 1-229
2026-07-27 11:27:40,764 INFO o.a.j.t.JMeterThread: Stopping because end time detected by thread: Ticket Readers 1-260
2026-07-27 11:27:40,780 INFO o.a.j.t.JMeterThread: Thread finished: Ticket Readers 1-260
2026-07-27 11:27:40,780 INFO o.a.j.t.JMeterThread: Stopping because end time detected by thread: Ticket Readers 1-538
2026-07-27 11:27:40,783 INFO o.a.j.t.JMeterThread: Thread finished: Ticket Readers 1-538
2026-07-27 11:27:40,783 INFO o.a.j.t.JMeterThread: Stopping because end time detected by thread: Ticket Readers 1-624
2026-07-27 11:27:40,783 INFO o.a.j.t.JMeterThread: Thread finished: Ticket Readers 1-624
2026-07-27 11:27:40,784 INFO o.a.j.t.JMeterThread: Stopping because end time detected by thread: Ticket Readers 1-367
2026-07-27 11:27:40,784 INFO o.a.j.t.JMeterThread: Stopping because end time detected by thread: Ticket Readers 1-475
2026-07-27 11:27:40,784 INFO o.a.j.t.JMeterThread: Thread finished: Ticket Readers 1-475
2026-07-27 11:27:40,784 INFO o.a.j.t.JMeterThread: Stopping because end time detected by thread: Ticket Readers 1-86
2026-07-27 11:27:40,773 INFO o.a.j.t.JMeterThread: Thread finished: Ticket Readers 1-381
2026-07-27 11:27:40,784 INFO o.a.j.t.JMeterThread: Thread finished: Ticket Readers 1-86
2026-07-27 11:27:40,785 INFO o.a.j.t.JMeterThread: Stopping because end time detected by thread: Ticket Readers 1-303
2026-07-27 11:27:40,785 INFO o.a.j.t.JMeterThread: Thread finished: Ticket Readers 1-303
2026-07-27 11:27:40,785 INFO o.a.j.t.JMeterThread: Stopping because end time detected by thread: Ticket Readers 1-66
2026-07-27 11:27:40,785 INFO o.a.j.t.JMeterThread: Thread finished: Ticket Readers 1-66
2026-07-27 11:27:40,772 INFO o.a.j.t.JMeterThread: Stopping because end time detected by thread: Ticket Readers 1-274
2026-07-27 11:27:40,786 INFO o.a.j.t.JMeterThread: Thread finished: Ticket Readers 1-274
2026-07-27 11:27:40,770 INFO o.a.j.t.JMeterThread: Stopping because end time detected by thread: Ticket Readers 1-322
2026-07-27 11:27:40,786 INFO o.a.j.t.JMeterThread: Stopping because end time detected by thread: Ticket Readers 1-465
2026-07-27 11:27:40,786 INFO o.a.j.t.JMeterThread: Thread finished: Ticket Readers 1-465
2026-07-27 11:27:40,770 INFO o.a.j.t.JMeterThread: Stopping because end time detected by thread: Ticket Readers 1-456
2026-07-27 11:27:40,786 INFO o.a.j.t.JMeterThread: Thread finished: Ticket Readers 1-456
2026-07-27 11:27:40,786 INFO o.a.j.t.JMeterThread: Thread finished: Ticket Readers 1-322
2026-07-27 11:27:40,784 INFO o.a.j.t.JMeterThread: Thread finished: Ticket Readers 1-367
2026-07-27 11:27:40,783 INFO o.a.j.t.JMeterThread: Stopping because end time detected by thread: Ticket Readers 1-266
2026-07-27 11:27:40,783 INFO o.a.j.t.JMeterThread: Stopping because end time detected by thread: Ticket Readers 1-570
2026-07-27 11:27:40,787 INFO o.a.j.t.JMeterThread: Thread finished: Ticket Readers 1-266
2026-07-27 11:27:40,782 INFO o.a.j.t.JMeterThread: Stopping because end time detected by thread: Ticket Readers 1-134
2026-07-27 11:27:40,788 INFO o.a.j.t.JMeterThread: Thread finished: Ticket Readers 1-134
2026-07-27 11:27:40,788 INFO o.a.j.t.JMeterThread: Stopping because end time detected by thread: Ticket Readers 1-585
2026-07-27 11:27:40,788 INFO o.a.j.t.JMeterThread: Thread finished: Ticket Readers 1-585
2026-07-27 11:27:40,788 INFO o.a.j.t.JMeterThread: Stopping because end time detected by thread: Ticket Readers 1-77
2026-07-27 11:27:40,788 INFO o.a.j.t.JMeterThread: Thread finished: Ticket Readers 1-77
2026-07-27 11:27:40,789 INFO o.a.j.t.JMeterThread: Stopping because end time detected by thread: Ticket Readers 1-127
2026-07-27 11:27:40,789 INFO o.a.j.t.JMeterThread: Thread finished: Ticket Readers 1-127
2026-07-27 11:27:40,789 INFO o.a.j.t.JMeterThread: Stopping because end time detected by thread: Ticket Readers 1-501
2026-07-27 11:27:40,789 INFO o.a.j.t.JMeterThread: Thread finished: Ticket Readers 1-501
2026-07-27 11:27:40,789 INFO o.a.j.t.JMeterThread: Stopping because end time detected by thread: Ticket Readers 1-481
2026-07-27 11:27:40,789 INFO o.a.j.t.JMeterThread: Thread finished: Ticket Readers 1-481
2026-07-27 11:27:40,782 INFO o.a.j.t.JMeterThread: Stopping because end time detected by thread: Ticket Readers 1-470
2026-07-27 11:27:40,789 INFO o.a.j.t.JMeterThread: Thread finished: Ticket Readers 1-470
2026-07-27 11:27:40,782 INFO o.a.j.t.JMeterThread: Stopping because end time detected by thread: Ticket Readers 1-424
2026-07-27 11:27:40,789 INFO o.a.j.t.JMeterThread: Thread finished: Ticket Readers 1-424
2026-07-27 11:27:40,790 INFO o.a.j.t.JMeterThread: Thread finished: Ticket Readers 1-570
2026-07-27 11:27:40,790 INFO o.a.j.t.JMeterThread: Stopping because end time detected by thread: Ticket Readers 1-464
2026-07-27 11:27:40,790 INFO o.a.j.t.JMeterThread: Thread finished: Ticket Readers 1-464
2026-07-27 11:27:40,796 INFO o.a.j.t.JMeterThread: Stopping because end time detected by thread: Ticket Readers 1-129
2026-07-27 11:27:40,796 INFO o.a.j.t.JMeterThread: Stopping because end time detected by thread: Ticket Readers 1-132
2026-07-27 11:27:40,796 INFO o.a.j.t.JMeterThread: Thread finished: Ticket Readers 1-132
2026-07-27 11:27:40,797 INFO o.a.j.t.JMeterThread: Stopping because end time detected by thread: Ticket Readers 1-442
2026-07-27 11:27:40,798 INFO o.a.j.t.JMeterThread: Thread finished: Ticket Readers 1-442
2026-07-27 11:27:40,798 INFO o.a.j.t.JMeterThread: Stopping because end time detected by thread: Ticket Readers 1-416
2026-07-27 11:27:40,799 INFO o.a.j.t.JMeterThread: Thread finished: Ticket Readers 1-416
2026-07-27 11:27:40,799 INFO o.a.j.t.JMeterThread: Stopping because end time detected by thread: Ticket Readers 1-564
2026-07-27 11:27:40,799 INFO o.a.j.t.JMeterThread: Thread finished: Ticket Readers 1-564
2026-07-27 11:27:40,799 INFO o.a.j.t.JMeterThread: Thread finished: Ticket Readers 1-129
2026-07-27 11:27:40,799 INFO o.a.j.t.JMeterThread: Stopping because end time detected by thread: Ticket Readers 1-638
2026-07-27 11:27:40,799 INFO o.a.j.t.JMeterThread: Thread finished: Ticket Readers 1-638
2026-07-27 11:27:40,800 INFO o.a.j.t.JMeterThread: Stopping because end time detected by thread: Ticket Readers 1-432
2026-07-27 11:27:40,800 INFO o.a.j.t.JMeterThread: Thread finished: Ticket Readers 1-432
2026-07-27 11:27:40,800 INFO o.a.j.t.JMeterThread: Stopping because end time detected by thread: Ticket Readers 1-140
2026-07-27 11:27:40,800 INFO o.a.j.t.JMeterThread: Thread finished: Ticket Readers 1-140
2026-07-27 11:27:40,800 INFO o.a.j.t.JMeterThread: Stopping because end time detected by thread: Ticket Readers 1-528
2026-07-27 11:27:40,800 INFO o.a.j.t.JMeterThread: Thread finished: Ticket Readers 1-528
2026-07-27 11:27:40,801 INFO o.a.j.t.JMeterThread: Stopping because end time detected by thread: Ticket Readers 1-593
2026-07-27 11:27:40,801 INFO o.a.j.t.JMeterThread: Thread finished: Ticket Readers 1-593
2026-07-27 11:27:40,801 INFO o.a.j.t.JMeterThread: Stopping because end time detected by thread: Ticket Readers 1-278
2026-07-27 11:27:40,801 INFO o.a.j.t.JMeterThread: Stopping because end time detected by thread: Ticket Readers 1-404
2026-07-27 11:27:40,802 INFO o.a.j.t.JMeterThread: Thread finished: Ticket Readers 1-278
2026-07-27 11:27:40,801 INFO o.a.j.t.JMeterThread: Stopping because end time detected by thread: Ticket Readers 1-592
2026-07-27 11:27:40,802 INFO o.a.j.t.JMeterThread: Thread finished: Ticket Readers 1-592
2026-07-27 11:27:40,803 INFO o.a.j.t.JMeterThread: Stopping because end time detected by thread: Ticket Readers 1-391
2026-07-27 11:27:40,802 INFO o.a.j.t.JMeterThread: Thread finished: Ticket Readers 1-404
2026-07-27 11:27:40,803 INFO o.a.j.t.JMeterThread: Stopping because end time detected by thread: Ticket Readers 1-137
2026-07-27 11:27:40,803 INFO o.a.j.t.JMeterThread: Thread finished: Ticket Readers 1-137
2026-07-27 11:27:40,803 INFO o.a.j.t.JMeterThread: Thread finished: Ticket Readers 1-391
2026-07-27 11:27:40,807 INFO o.a.j.t.JMeterThread: Stopping because end time detected by thread: Ticket Readers 1-419
2026-07-27 11:27:40,807 INFO o.a.j.t.JMeterThread: Thread finished: Ticket Readers 1-419
2026-07-27 11:27:40,808 INFO o.a.j.t.JMeterThread: Stopping because end time detected by thread: Ticket Readers 1-659
2026-07-27 11:27:40,808 INFO o.a.j.t.JMeterThread: Thread finished: Ticket Readers 1-659
2026-07-27 11:27:40,809 INFO o.a.j.t.JMeterThread: Stopping because end time detected by thread: Ticket Readers 1-172
2026-07-27 11:27:40,809 INFO o.a.j.t.JMeterThread: Thread finished: Ticket Readers 1-172
2026-07-27 11:27:40,809 INFO o.a.j.t.JMeterThread: Stopping because end time detected by thread: Ticket Readers 1-440
2026-07-27 11:27:40,809 INFO o.a.j.t.JMeterThread: Thread finished: Ticket Readers 1-440
2026-07-27 11:27:40,813 INFO o.a.j.t.JMeterThread: Stopping because end time detected by thread: Ticket Readers 1-238
2026-07-27 11:27:40,813 INFO o.a.j.t.JMeterThread: Thread finished: Ticket Readers 1-238
2026-07-27 11:27:40,813 INFO o.a.j.t.JMeterThread: Stopping because end time detected by thread: Ticket Readers 1-634
2026-07-27 11:27:40,813 INFO o.a.j.t.JMeterThread: Thread finished: Ticket Readers 1-634
2026-07-27 11:27:40,814 INFO o.a.j.t.JMeterThread: Stopping because end time detected by thread: Ticket Readers 1-629
2026-07-27 11:27:40,814 INFO o.a.j.t.JMeterThread: Thread finished: Ticket Readers 1-629
2026-07-27 11:27:40,815 INFO o.a.j.t.JMeterThread: Stopping because end time detected by thread: Ticket Readers 1-336
2026-07-27 11:27:40,815 INFO o.a.j.t.JMeterThread: Thread finished: Ticket Readers 1-336
2026-07-27 11:27:40,814 INFO o.a.j.t.JMeterThread: Stopping because end time detected by thread: Ticket Readers 1-571
2026-07-27 11:27:40,815 INFO o.a.j.t.JMeterThread: Stopping because end time detected by thread: Ticket Readers 1-615
2026-07-27 11:27:40,815 INFO o.a.j.t.JMeterThread: Thread finished: Ticket Readers 1-615
2026-07-27 11:27:40,816 INFO o.a.j.t.JMeterThread: Stopping because end time detected by thread: Ticket Readers 1-92
2026-07-27 11:27:40,816 INFO o.a.j.t.JMeterThread: Thread finished: Ticket Readers 1-92
2026-07-27 11:27:40,816 INFO o.a.j.t.JMeterThread: Stopping because end time detected by thread: Ticket Readers 1-313
2026-07-27 11:27:40,815 INFO o.a.j.t.JMeterThread: Thread finished: Ticket Readers 1-571
2026-07-27 11:27:40,817 INFO o.a.j.t.JMeterThread: Stopping because end time detected by thread: Ticket Readers 1-299
2026-07-27 11:27:40,817 INFO o.a.j.t.JMeterThread: Thread finished: Ticket Readers 1-299
2026-07-27 11:27:40,817 INFO o.a.j.t.JMeterThread: Thread finished: Ticket Readers 1-313
2026-07-27 11:27:40,817 INFO o.a.j.t.JMeterThread: Stopping because end time detected by thread: Ticket Readers 1-407
2026-07-27 11:27:40,817 INFO o.a.j.t.JMeterThread: Thread finished: Ticket Readers 1-407
2026-07-27 11:27:40,817 INFO o.a.j.t.JMeterThread: Stopping because end time detected by thread: Ticket Readers 1-230
2026-07-27 11:27:40,817 INFO o.a.j.t.JMeterThread: Thread finished: Ticket Readers 1-230
2026-07-27 11:27:40,821 INFO o.a.j.t.JMeterThread: Stopping because end time detected by thread: Ticket Readers 1-446
2026-07-27 11:27:40,821 INFO o.a.j.t.JMeterThread: Stopping because end time detected by thread: Ticket Readers 1-207
2026-07-27 11:27:40,821 INFO o.a.j.t.JMeterThread: Thread finished: Ticket Readers 1-446
2026-07-27 11:27:40,822 INFO o.a.j.t.JMeterThread: Stopping because end time detected by thread: Ticket Readers 1-455
2026-07-27 11:27:40,822 INFO o.a.j.t.JMeterThread: Thread finished: Ticket Readers 1-455
2026-07-27 11:27:40,822 INFO o.a.j.t.JMeterThread: Stopping because end time detected by thread: Ticket Readers 1-359
2026-07-27 11:27:40,822 INFO o.a.j.t.JMeterThread: Thread finished: Ticket Readers 1-359
2026-07-27 11:27:40,822 INFO o.a.j.t.JMeterThread: Stopping because end time detected by thread: Ticket Readers 1-373
2026-07-27 11:27:40,822 INFO o.a.j.t.JMeterThread: Thread finished: Ticket Readers 1-373
2026-07-27 11:27:40,823 INFO o.a.j.t.JMeterThread: Thread finished: Ticket Readers 1-207
2026-07-27 11:27:40,826 INFO o.a.j.t.JMeterThread: Stopping because end time detected by thread: Ticket Readers 1-545
2026-07-27 11:27:40,826 INFO o.a.j.t.JMeterThread: Thread finished: Ticket Readers 1-545
2026-07-27 11:27:40,826 INFO o.a.j.t.JMeterThread: Stopping because end time detected by thread: Ticket Readers 1-503
2026-07-27 11:27:40,826 INFO o.a.j.t.JMeterThread: Thread finished: Ticket Readers 1-503
2026-07-27 11:27:40,826 INFO o.a.j.t.JMeterThread: Stopping because end time detected by thread: Ticket Readers 1-228
2026-07-27 11:27:40,826 INFO o.a.j.t.JMeterThread: Thread finished: Ticket Readers 1-228
2026-07-27 11:27:40,826 INFO o.a.j.t.JMeterThread: Stopping because end time detected by thread: Ticket Readers 1-422
2026-07-27 11:27:40,826 INFO o.a.j.t.JMeterThread: Thread finished: Ticket Readers 1-422
2026-07-27 11:27:40,826 INFO o.a.j.t.JMeterThread: Stopping because end time detected by thread: Ticket Readers 1-246
2026-07-27 11:27:40,827 INFO o.a.j.t.JMeterThread: Thread finished: Ticket Readers 1-246
2026-07-27 11:27:40,828 INFO o.a.j.t.JMeterThread: Stopping because end time detected by thread: Ticket Readers 1-427
2026-07-27 11:27:40,828 INFO o.a.j.t.JMeterThread: Stopping because end time detected by thread: Ticket Readers 1-661
2026-07-27 11:27:40,828 INFO o.a.j.t.JMeterThread: Thread finished: Ticket Readers 1-661
2026-07-27 11:27:40,828 INFO o.a.j.t.JMeterThread: Thread finished: Ticket Readers 1-427
2026-07-27 11:27:40,828 INFO o.a.j.t.JMeterThread: Stopping because end time detected by thread: Ticket Readers 1-356
2026-07-27 11:27:40,828 INFO o.a.j.t.JMeterThread: Stopping because end time detected by thread: Ticket Readers 1-580
2026-07-27 11:27:40,828 INFO o.a.j.t.JMeterThread: Thread finished: Ticket Readers 1-580
2026-07-27 11:27:40,828 INFO o.a.j.t.JMeterThread: Thread finished: Ticket Readers 1-356
2026-07-27 11:27:40,832 INFO o.a.j.t.JMeterThread: Stopping because end time detected by thread: Ticket Readers 1-280
2026-07-27 11:27:40,832 INFO o.a.j.t.JMeterThread: Thread finished: Ticket Readers 1-280
2026-07-27 11:27:40,832 INFO o.a.j.t.JMeterThread: Stopping because end time detected by thread: Ticket Readers 1-264
2026-07-27 11:27:40,832 INFO o.a.j.t.JMeterThread: Thread finished: Ticket Readers 1-264
2026-07-27 11:27:40,834 INFO o.a.j.t.JMeterThread: Stopping because end time detected by thread: Ticket Readers 1-558
2026-07-27 11:27:40,834 INFO o.a.j.t.JMeterThread: Thread finished: Ticket Readers 1-558
2026-07-27 11:27:40,846 INFO o.a.j.t.JMeterThread: Stopping because end time detected by thread: Ticket Readers 1-355
2026-07-27 11:27:40,849 INFO o.a.j.t.JMeterThread: Stopping because end time detected by thread: Ticket Readers 1-523
2026-07-27 11:27:40,849 INFO o.a.j.t.JMeterThread: Thread finished: Ticket Readers 1-523
2026-07-27 11:27:40,849 INFO o.a.j.t.JMeterThread: Thread finished: Ticket Readers 1-355
2026-07-27 11:27:40,849 INFO o.a.j.t.JMeterThread: Stopping because end time detected by thread: Ticket Readers 1-320
2026-07-27 11:27:40,849 INFO o.a.j.t.JMeterThread: Stopping because end time detected by thread: Ticket Readers 1-511
2026-07-27 11:27:40,848 INFO o.a.j.t.JMeterThread: Stopping because end time detected by thread: Ticket Readers 1-434
2026-07-27 11:27:40,850 INFO o.a.j.t.JMeterThread: Thread finished: Ticket Readers 1-434
2026-07-27 11:27:40,849 INFO o.a.j.t.JMeterThread: Thread finished: Ticket Readers 1-511
2026-07-27 11:27:40,850 INFO o.a.j.t.JMeterThread: Thread finished: Ticket Readers 1-320
2026-07-27 11:27:40,849 INFO o.a.j.t.JMeterThread: Stopping because end time detected by thread: Ticket Readers 1-531
2026-07-27 11:27:40,850 INFO o.a.j.t.JMeterThread: Thread finished: Ticket Readers 1-531
2026-07-27 11:27:40,855 INFO o.a.j.t.JMeterThread: Stopping because end time detected by thread: Ticket Readers 1-106
2026-07-27 11:27:40,855 INFO o.a.j.t.JMeterThread: Thread finished: Ticket Readers 1-106
2026-07-27 11:27:40,858 INFO o.a.j.t.JMeterThread: Stopping because end time detected by thread: Ticket Readers 1-486
2026-07-27 11:27:40,858 INFO o.a.j.t.JMeterThread: Thread finished: Ticket Readers 1-486
2026-07-27 11:27:40,859 INFO o.a.j.t.JMeterThread: Stopping because end time detected by thread: Ticket Readers 1-632
2026-07-27 11:27:40,859 INFO o.a.j.t.JMeterThread: Thread finished: Ticket Readers 1-632
2026-07-27 11:27:40,859 INFO o.a.j.t.JMeterThread: Stopping because end time detected by thread: Ticket Readers 1-559
2026-07-27 11:27:40,859 INFO o.a.j.t.JMeterThread: Thread finished: Ticket Readers 1-559
2026-07-27 11:27:40,859 INFO o.a.j.t.JMeterThread: Stopping because end time detected by thread: Ticket Readers 1-543
2026-07-27 11:27:40,859 INFO o.a.j.t.JMeterThread: Thread finished: Ticket Readers 1-543
2026-07-27 11:27:40,859 INFO o.a.j.t.JMeterThread: Stopping because end time detected by thread: Ticket Readers 1-532
2026-07-27 11:27:40,860 INFO o.a.j.t.JMeterThread: Thread finished: Ticket Readers 1-532
2026-07-27 11:27:40,874 INFO o.a.j.t.JMeterThread: Stopping because end time detected by thread: Ticket Readers 1-641
2026-07-27 11:27:40,875 INFO o.a.j.t.JMeterThread: Thread finished: Ticket Readers 1-641
2026-07-27 11:27:40,878 INFO o.a.j.t.JMeterThread: Stopping because end time detected by thread: Ticket Readers 1-575
2026-07-27 11:27:40,878 INFO o.a.j.t.JMeterThread: Thread finished: Ticket Readers 1-575
2026-07-27 11:27:40,879 INFO o.a.j.t.JMeterThread: Stopping because end time detected by thread: Ticket Readers 1-492
2026-07-27 11:27:40,879 INFO o.a.j.t.JMeterThread: Thread finished: Ticket Readers 1-492
2026-07-27 11:27:40,879 INFO o.a.j.t.JMeterThread: Stopping because end time detected by thread: Ticket Readers 1-603
2026-07-27 11:27:40,879 INFO o.a.j.t.JMeterThread: Thread finished: Ticket Readers 1-603
2026-07-27 11:27:40,879 INFO o.a.j.t.JMeterThread: Stopping because end time detected by thread: Ticket Readers 1-664
2026-07-27 11:27:40,879 INFO o.a.j.t.JMeterThread: Thread finished: Ticket Readers 1-664
2026-07-27 11:27:40,881 INFO o.a.j.t.JMeterThread: Stopping because end time detected by thread: Ticket Readers 1-420
2026-07-27 11:27:40,881 INFO o.a.j.t.JMeterThread: Stopping because end time detected by thread: Ticket Readers 1-451
2026-07-27 11:27:40,881 INFO o.a.j.t.JMeterThread: Thread finished: Ticket Readers 1-420
2026-07-27 11:27:40,881 INFO o.a.j.t.JMeterThread: Thread finished: Ticket Readers 1-451
2026-07-27 11:27:40,881 INFO o.a.j.t.JMeterThread: Stopping because end time detected by thread: Ticket Readers 1-666
2026-07-27 11:27:40,881 INFO o.a.j.t.JMeterThread: Thread finished: Ticket Readers 1-666
2026-07-27 11:27:40,882 INFO o.a.j.t.JMeterThread: Stopping because end time detected by thread: Ticket Readers 1-613
2026-07-27 11:27:40,882 INFO o.a.j.t.JMeterThread: Thread finished: Ticket Readers 1-613
2026-07-27 11:27:40,883 INFO o.a.j.t.JMeterThread: Stopping because end time detected by thread: Ticket Readers 1-658
2026-07-27 11:27:40,883 INFO o.a.j.t.JMeterThread: Thread finished: Ticket Readers 1-658
2026-07-27 11:27:40,884 INFO o.a.j.t.JMeterThread: Stopping because end time detected by thread: Ticket Readers 1-462
2026-07-27 11:27:40,884 INFO o.a.j.t.JMeterThread: Thread finished: Ticket Readers 1-462
2026-07-27 11:27:40,884 INFO o.a.j.t.JMeterThread: Stopping because end time detected by thread: Ticket Readers 1-265
2026-07-27 11:27:40,884 INFO o.a.j.t.JMeterThread: Thread finished: Ticket Readers 1-265
2026-07-27 11:27:40,885 INFO o.a.j.t.JMeterThread: Stopping because end time detected by thread: Ticket Readers 1-633
2026-07-27 11:27:40,885 INFO o.a.j.t.JMeterThread: Thread finished: Ticket Readers 1-633
2026-07-27 11:27:40,885 INFO o.a.j.t.JMeterThread: Stopping because end time detected by thread: Ticket Readers 1-550
2026-07-27 11:27:40,885 INFO o.a.j.t.JMeterThread: Thread finished: Ticket Readers 1-550
2026-07-27 11:27:40,887 INFO o.a.j.t.JMeterThread: Stopping because end time detected by thread: Ticket Readers 1-621
2026-07-27 11:27:40,888 INFO o.a.j.t.JMeterThread: Thread finished: Ticket Readers 1-621
2026-07-27 11:27:40,888 INFO o.a.j.t.JMeterThread: Stopping because end time detected by thread: Ticket Readers 1-484
2026-07-27 11:27:40,888 INFO o.a.j.t.JMeterThread: Thread finished: Ticket Readers 1-484
2026-07-27 11:27:40,888 INFO o.a.j.t.JMeterThread: Stopping because end time detected by thread: Ticket Readers 1-606
2026-07-27 11:27:40,888 INFO o.a.j.t.JMeterThread: Thread finished: Ticket Readers 1-606
2026-07-27 11:27:40,888 INFO o.a.j.t.JMeterThread: Stopping because end time detected by thread: Ticket Readers 1-554
2026-07-27 11:27:40,888 INFO o.a.j.t.JMeterThread: Thread finished: Ticket Readers 1-554
2026-07-27 11:27:40,889 INFO o.a.j.t.JMeterThread: Stopping because end time detected by thread: Ticket Readers 1-594
2026-07-27 11:27:40,889 INFO o.a.j.t.JMeterThread: Thread finished: Ticket Readers 1-594
2026-07-27 11:27:40,889 INFO o.a.j.t.JMeterThread: Stopping because end time detected by thread: Ticket Readers 1-674
2026-07-27 11:27:40,889 INFO o.a.j.t.JMeterThread: Thread finished: Ticket Readers 1-674
2026-07-27 11:27:40,889 INFO o.a.j.t.JMeterThread: Stopping because end time detected by thread: Ticket Readers 1-216
2026-07-27 11:27:40,889 INFO o.a.j.t.JMeterThread: Thread finished: Ticket Readers 1-216
2026-07-27 11:27:40,891 INFO o.a.j.t.JMeterThread: Stopping because end time detected by thread: Ticket Readers 1-467
2026-07-27 11:27:40,891 INFO o.a.j.t.JMeterThread: Thread finished: Ticket Readers 1-467
2026-07-27 11:27:40,892 INFO o.a.j.t.JMeterThread: Stopping because end time detected by thread: Ticket Readers 1-307
2026-07-27 11:27:40,892 INFO o.a.j.t.JMeterThread: Thread finished: Ticket Readers 1-307
2026-07-27 11:27:40,893 INFO o.a.j.t.JMeterThread: Stopping because end time detected by thread: Ticket Readers 1-601
2026-07-27 11:27:40,893 INFO o.a.j.t.JMeterThread: Thread finished: Ticket Readers 1-601
2026-07-27 11:27:40,894 INFO o.a.j.t.JMeterThread: Stopping because end time detected by thread: Ticket Readers 1-18
2026-07-27 11:27:40,894 INFO o.a.j.t.JMeterThread: Thread finished: Ticket Readers 1-18
2026-07-27 11:27:40,899 INFO o.a.j.t.JMeterThread: Stopping because end time detected by thread: Ticket Readers 1-537
2026-07-27 11:27:40,899 INFO o.a.j.t.JMeterThread: Thread finished: Ticket Readers 1-537
2026-07-27 11:27:40,901 INFO o.a.j.t.JMeterThread: Stopping because end time detected by thread: Ticket Readers 1-688
2026-07-27 11:27:40,902 INFO o.a.j.t.JMeterThread: Thread finished: Ticket Readers 1-688
2026-07-27 11:27:40,902 INFO o.a.j.t.JMeterThread: Stopping because end time detected by thread: Ticket Readers 1-670
2026-07-27 11:27:40,902 INFO o.a.j.t.JMeterThread: Thread finished: Ticket Readers 1-670
2026-07-27 11:27:40,903 INFO o.a.j.t.JMeterThread: Stopping because end time detected by thread: Ticket Readers 1-96
2026-07-27 11:27:40,903 INFO o.a.j.t.JMeterThread: Thread finished: Ticket Readers 1-96
2026-07-27 11:27:40,904 INFO o.a.j.t.JMeterThread: Stopping because end time detected by thread: Ticket Readers 1-406
2026-07-27 11:27:40,904 INFO o.a.j.t.JMeterThread: Thread finished: Ticket Readers 1-406
2026-07-27 11:27:40,906 INFO o.a.j.t.JMeterThread: Stopping because end time detected by thread: Ticket Readers 1-213
2026-07-27 11:27:40,906 INFO o.a.j.t.JMeterThread: Thread finished: Ticket Readers 1-213
2026-07-27 11:27:40,917 INFO o.a.j.t.JMeterThread: Stopping because end time detected by thread: Ticket Readers 1-409
2026-07-27 11:27:40,917 INFO o.a.j.t.JMeterThread: Thread finished: Ticket Readers 1-409
2026-07-27 11:27:40,917 INFO o.a.j.t.JMeterThread: Stopping because end time detected by thread: Ticket Readers 1-663
2026-07-27 11:27:40,917 INFO o.a.j.t.JMeterThread: Thread finished: Ticket Readers 1-663
2026-07-27 11:27:40,921 INFO o.a.j.t.JMeterThread: Stopping because end time detected by thread: Ticket Readers 1-343
2026-07-27 11:27:40,921 INFO o.a.j.t.JMeterThread: Thread finished: Ticket Readers 1-343
2026-07-27 11:27:40,922 INFO o.a.j.t.JMeterThread: Stopping because end time detected by thread: Ticket Readers 1-687
2026-07-27 11:27:40,922 INFO o.a.j.t.JMeterThread: Thread finished: Ticket Readers 1-687
2026-07-27 11:27:40,922 INFO o.a.j.t.JMeterThread: Stopping because end time detected by thread: Ticket Readers 1-215
2026-07-27 11:27:40,922 INFO o.a.j.t.JMeterThread: Thread finished: Ticket Readers 1-215
2026-07-27 11:27:40,923 INFO o.a.j.t.JMeterThread: Stopping because end time detected by thread: Ticket Readers 1-433
2026-07-27 11:27:40,923 INFO o.a.j.t.JMeterThread: Thread finished: Ticket Readers 1-433
2026-07-27 11:27:40,923 INFO o.a.j.t.JMeterThread: Stopping because end time detected by thread: Ticket Readers 1-612
2026-07-27 11:27:40,923 INFO o.a.j.t.JMeterThread: Thread finished: Ticket Readers 1-612
2026-07-27 11:27:40,923 INFO o.a.j.t.JMeterThread: Stopping because end time detected by thread: Ticket Readers 1-668
2026-07-27 11:27:40,923 INFO o.a.j.t.JMeterThread: Thread finished: Ticket Readers 1-668
2026-07-27 11:27:40,924 INFO o.a.j.t.JMeterThread: Stopping because end time detected by thread: Ticket Readers 1-690
2026-07-27 11:27:40,924 INFO o.a.j.t.JMeterThread: Thread finished: Ticket Readers 1-690
2026-07-27 11:27:40,925 INFO o.a.j.t.JMeterThread: Stopping because end time detected by thread: Ticket Readers 1-691
2026-07-27 11:27:40,925 INFO o.a.j.t.JMeterThread: Thread finished: Ticket Readers 1-691
2026-07-27 11:27:40,926 INFO o.a.j.t.JMeterThread: Stopping because end time detected by thread: Ticket Readers 1-515
2026-07-27 11:27:40,926 INFO o.a.j.t.JMeterThread: Thread finished: Ticket Readers 1-515
2026-07-27 11:27:40,927 INFO o.a.j.t.JMeterThread: Stopping because end time detected by thread: Ticket Readers 1-510
2026-07-27 11:27:40,927 INFO o.a.j.t.JMeterThread: Thread finished: Ticket Readers 1-510
2026-07-27 11:27:40,927 INFO o.a.j.t.JMeterThread: Stopping because end time detected by thread: Ticket Readers 1-338
2026-07-27 11:27:40,927 INFO o.a.j.t.JMeterThread: Thread finished: Ticket Readers 1-338
2026-07-27 11:27:40,932 INFO o.a.j.t.JMeterThread: Stopping because end time detected by thread: Ticket Readers 1-126
2026-07-27 11:27:40,932 INFO o.a.j.t.JMeterThread: Thread finished: Ticket Readers 1-126
2026-07-27 11:27:40,934 INFO o.a.j.t.JMeterThread: Stopping because end time detected by thread: Ticket Readers 1-683
2026-07-27 11:27:40,934 INFO o.a.j.t.JMeterThread: Thread finished: Ticket Readers 1-683
2026-07-27 11:27:40,938 INFO o.a.j.t.JMeterThread: Stopping because end time detected by thread: Ticket Readers 1-655
2026-07-27 11:27:40,938 INFO o.a.j.t.JMeterThread: Thread finished: Ticket Readers 1-655
2026-07-27 11:27:40,941 INFO o.a.j.t.JMeterThread: Stopping because end time detected by thread: Ticket Readers 1-369
2026-07-27 11:27:40,941 INFO o.a.j.t.JMeterThread: Thread finished: Ticket Readers 1-369
2026-07-27 11:27:40,943 INFO o.a.j.t.JMeterThread: Stopping because end time detected by thread: Ticket Readers 1-542
2026-07-27 11:27:40,943 INFO o.a.j.t.JMeterThread: Thread finished: Ticket Readers 1-542
2026-07-27 11:27:40,944 INFO o.a.j.t.JMeterThread: Stopping because end time detected by thread: Ticket Readers 1-344
2026-07-27 11:27:40,944 INFO o.a.j.t.JMeterThread: Thread finished: Ticket Readers 1-344
2026-07-27 11:27:40,953 INFO o.a.j.t.JMeterThread: Stopping because end time detected by thread: Ticket Readers 1-675
2026-07-27 11:27:40,953 INFO o.a.j.t.JMeterThread: Thread finished: Ticket Readers 1-675
2026-07-27 11:27:40,955 INFO o.a.j.t.JMeterThread: Stopping because end time detected by thread: Ticket Readers 1-672
2026-07-27 11:27:40,955 INFO o.a.j.t.JMeterThread: Thread finished: Ticket Readers 1-672
2026-07-27 11:27:40,956 INFO o.a.j.t.JMeterThread: Stopping because end time detected by thread: Ticket Readers 1-677
2026-07-27 11:27:40,957 INFO o.a.j.t.JMeterThread: Thread finished: Ticket Readers 1-677
2026-07-27 11:27:40,957 INFO o.a.j.t.JMeterThread: Stopping because end time detected by thread: Ticket Readers 1-678
2026-07-27 11:27:40,957 INFO o.a.j.t.JMeterThread: Thread finished: Ticket Readers 1-678
2026-07-27 11:27:40,958 INFO o.a.j.t.JMeterThread: Stopping because end time detected by thread: Ticket Readers 1-398
2026-07-27 11:27:40,958 INFO o.a.j.t.JMeterThread: Thread finished: Ticket Readers 1-398
2026-07-27 11:27:40,959 INFO o.a.j.t.JMeterThread: Stopping because end time detected by thread: Ticket Readers 1-506
2026-07-27 11:27:40,959 INFO o.a.j.t.JMeterThread: Thread finished: Ticket Readers 1-506
2026-07-27 11:27:40,961 INFO o.a.j.t.JMeterThread: Stopping because end time detected by thread: Ticket Readers 1-239
2026-07-27 11:27:40,962 INFO o.a.j.t.JMeterThread: Thread finished: Ticket Readers 1-239
2026-07-27 11:27:40,962 INFO o.a.j.t.JMeterThread: Stopping because end time detected by thread: Ticket Readers 1-375
2026-07-27 11:27:40,962 INFO o.a.j.t.JMeterThread: Stopping because end time detected by thread: Ticket Readers 1-692
2026-07-27 11:27:40,962 INFO o.a.j.t.JMeterThread: Thread finished: Ticket Readers 1-375
2026-07-27 11:27:40,962 INFO o.a.j.t.JMeterThread: Thread finished: Ticket Readers 1-692
2026-07-27 11:27:40,962 INFO o.a.j.t.JMeterThread: Stopping because end time detected by thread: Ticket Readers 1-682
2026-07-27 11:27:40,962 INFO o.a.j.t.JMeterThread: Thread finished: Ticket Readers 1-682
2026-07-27 11:27:40,977 INFO o.a.j.t.JMeterThread: Stopping because end time detected by thread: Ticket Readers 1-599
2026-07-27 11:27:40,977 INFO o.a.j.t.JMeterThread: Thread finished: Ticket Readers 1-599
2026-07-27 11:27:40,979 INFO o.a.j.t.JMeterThread: Stopping because end time detected by thread: Ticket Readers 1-700
2026-07-27 11:27:40,979 INFO o.a.j.t.JMeterThread: Thread finished: Ticket Readers 1-700
2026-07-27 11:27:40,979 INFO o.a.j.t.JMeterThread: Stopping because end time detected by thread: Ticket Readers 1-703
2026-07-27 11:27:40,979 INFO o.a.j.t.JMeterThread: Thread finished: Ticket Readers 1-703
2026-07-27 11:27:40,992 INFO o.a.j.t.JMeterThread: Stopping because end time detected by thread: Ticket Readers 1-43
2026-07-27 11:27:40,992 INFO o.a.j.t.JMeterThread: Thread finished: Ticket Readers 1-43
2026-07-27 11:27:40,994 INFO o.a.j.t.JMeterThread: Stopping because end time detected by thread: Ticket Readers 1-591
2026-07-27 11:27:40,994 INFO o.a.j.t.JMeterThread: Thread finished: Ticket Readers 1-591
2026-07-27 11:27:40,997 INFO o.a.j.t.JMeterThread: Stopping because end time detected by thread: Ticket Readers 1-673
2026-07-27 11:27:40,997 INFO o.a.j.t.JMeterThread: Thread finished: Ticket Readers 1-673
2026-07-27 11:27:40,998 INFO o.a.j.t.JMeterThread: Stopping because end time detected by thread: Ticket Readers 1-711
2026-07-27 11:27:40,998 INFO o.a.j.t.JMeterThread: Thread finished: Ticket Readers 1-711
2026-07-27 11:27:41,006 INFO o.a.j.t.JMeterThread: Stopping because end time detected by thread: Ticket Readers 1-287
2026-07-27 11:27:41,006 INFO o.a.j.t.JMeterThread: Thread finished: Ticket Readers 1-287
2026-07-27 11:27:41,006 INFO o.a.j.t.JMeterThread: Stopping because end time detected by thread: Ticket Readers 1-645
2026-07-27 11:27:41,006 INFO o.a.j.t.JMeterThread: Thread finished: Ticket Readers 1-645
2026-07-27 11:27:41,008 INFO o.a.j.t.JMeterThread: Stopping because end time detected by thread: Ticket Readers 1-708
2026-07-27 11:27:41,008 INFO o.a.j.t.JMeterThread: Thread finished: Ticket Readers 1-708
2026-07-27 11:27:41,009 INFO o.a.j.t.JMeterThread: Stopping because end time detected by thread: Ticket Readers 1-588
2026-07-27 11:27:41,009 INFO o.a.j.t.JMeterThread: Thread finished: Ticket Readers 1-588
2026-07-27 11:27:41,009 INFO o.a.j.t.JMeterThread: Stopping because end time detected by thread: Ticket Readers 1-438
2026-07-27 11:27:41,009 INFO o.a.j.t.JMeterThread: Thread finished: Ticket Readers 1-438
2026-07-27 11:27:41,011 INFO o.a.j.t.JMeterThread: Stopping because end time detected by thread: Ticket Readers 1-314
2026-07-27 11:27:41,011 INFO o.a.j.t.JMeterThread: Stopping because end time detected by thread: Ticket Readers 1-680
2026-07-27 11:27:41,011 INFO o.a.j.t.JMeterThread: Thread finished: Ticket Readers 1-680
2026-07-27 11:27:41,011 INFO o.a.j.t.JMeterThread: Thread finished: Ticket Readers 1-314
2026-07-27 11:27:41,011 INFO o.a.j.t.JMeterThread: Stopping because end time detected by thread: Ticket Readers 1-49
2026-07-27 11:27:41,011 INFO o.a.j.t.JMeterThread: Thread finished: Ticket Readers 1-49
2026-07-27 11:27:41,011 INFO o.a.j.t.JMeterThread: Stopping because end time detected by thread: Ticket Readers 1-646
2026-07-27 11:27:41,011 INFO o.a.j.t.JMeterThread: Thread finished: Ticket Readers 1-646
2026-07-27 11:27:41,012 INFO o.a.j.t.JMeterThread: Stopping because end time detected by thread: Ticket Readers 1-630
2026-07-27 11:27:41,012 INFO o.a.j.t.JMeterThread: Thread finished: Ticket Readers 1-630
2026-07-27 11:27:41,012 INFO o.a.j.t.JMeterThread: Stopping because end time detected by thread: Ticket Readers 1-522
2026-07-27 11:27:41,012 INFO o.a.j.t.JMeterThread: Thread finished: Ticket Readers 1-522
2026-07-27 11:27:41,013 INFO o.a.j.t.JMeterThread: Stopping because end time detected by thread: Ticket Readers 1-685
2026-07-27 11:27:41,013 INFO o.a.j.t.JMeterThread: Thread finished: Ticket Readers 1-685
2026-07-27 11:27:41,016 INFO o.a.j.t.JMeterThread: Stopping because end time detected by thread: Ticket Readers 1-152
2026-07-27 11:27:41,016 INFO o.a.j.t.JMeterThread: Thread finished: Ticket Readers 1-152
2026-07-27 11:27:41,017 INFO o.a.j.t.JMeterThread: Stopping because end time detected by thread: Ticket Readers 1-429
2026-07-27 11:27:41,017 INFO o.a.j.t.JMeterThread: Stopping because end time detected by thread: Ticket Readers 1-689
2026-07-27 11:27:41,017 INFO o.a.j.t.JMeterThread: Thread finished: Ticket Readers 1-429
2026-07-27 11:27:41,017 INFO o.a.j.t.JMeterThread: Thread finished: Ticket Readers 1-689
2026-07-27 11:27:41,018 INFO o.a.j.t.JMeterThread: Stopping because end time detected by thread: Ticket Readers 1-712
2026-07-27 11:27:41,018 INFO o.a.j.t.JMeterThread: Thread finished: Ticket Readers 1-712
2026-07-27 11:27:41,019 INFO o.a.j.t.JMeterThread: Stopping because end time detected by thread: Ticket Readers 1-513
2026-07-27 11:27:41,019 INFO o.a.j.t.JMeterThread: Thread finished: Ticket Readers 1-513
2026-07-27 11:27:41,019 INFO o.a.j.t.JMeterThread: Stopping because end time detected by thread: Ticket Readers 1-698
2026-07-27 11:27:41,019 INFO o.a.j.t.JMeterThread: Thread finished: Ticket Readers 1-698
2026-07-27 11:27:41,020 INFO o.a.j.t.JMeterThread: Stopping because end time detected by thread: Ticket Readers 1-363
2026-07-27 11:27:41,020 INFO o.a.j.t.JMeterThread: Thread finished: Ticket Readers 1-363
2026-07-27 11:27:41,021 INFO o.a.j.t.JMeterThread: Stopping because end time detected by thread: Ticket Readers 1-695
2026-07-27 11:27:41,021 INFO o.a.j.t.JMeterThread: Thread finished: Ticket Readers 1-695
2026-07-27 11:27:41,021 INFO o.a.j.t.JMeterThread: Stopping because end time detected by thread: Ticket Readers 1-583
2026-07-27 11:27:41,021 INFO o.a.j.t.JMeterThread: Thread finished: Ticket Readers 1-583
2026-07-27 11:27:41,022 INFO o.a.j.t.JMeterThread: Stopping because end time detected by thread: Ticket Readers 1-576
2026-07-27 11:27:41,022 INFO o.a.j.t.JMeterThread: Thread finished: Ticket Readers 1-576
2026-07-27 11:27:41,026 INFO o.a.j.t.JMeterThread: Stopping because end time detected by thread: Ticket Readers 1-626
2026-07-27 11:27:41,026 INFO o.a.j.t.JMeterThread: Thread finished: Ticket Readers 1-626
2026-07-27 11:27:41,026 INFO o.a.j.t.JMeterThread: Thread finished: Ticket Readers 1-751
2026-07-27 11:27:41,027 INFO o.a.j.t.JMeterThread: Stopping because end time detected by thread: Ticket Readers 1-706
2026-07-27 11:27:41,027 INFO o.a.j.t.JMeterThread: Thread finished: Ticket Readers 1-706
2026-07-27 11:27:41,028 INFO o.a.j.t.JMeterThread: Stopping because end time detected by thread: Ticket Readers 1-679
2026-07-27 11:27:41,028 INFO o.a.j.t.JMeterThread: Thread finished: Ticket Readers 1-679
2026-07-27 11:27:41,031 INFO o.a.j.t.JMeterThread: Stopping because end time detected by thread: Ticket Readers 1-574
2026-07-27 11:27:41,031 INFO o.a.j.t.JMeterThread: Thread finished: Ticket Readers 1-574
2026-07-27 11:27:41,033 INFO o.a.j.t.JMeterThread: Stopping because end time detected by thread: Ticket Readers 1-725
2026-07-27 11:27:41,033 INFO o.a.j.t.JMeterThread: Thread finished: Ticket Readers 1-725
2026-07-27 11:27:41,033 INFO o.a.j.t.JMeterThread: Stopping because end time detected by thread: Ticket Readers 1-676
2026-07-27 11:27:41,033 INFO o.a.j.t.JMeterThread: Thread finished: Ticket Readers 1-676
2026-07-27 11:27:41,034 INFO o.a.j.t.JMeterThread: Stopping because end time detected by thread: Ticket Readers 1-605
2026-07-27 11:27:41,034 INFO o.a.j.t.JMeterThread: Thread finished: Ticket Readers 1-605
2026-07-27 11:27:41,037 INFO o.a.j.t.JMeterThread: Stopping because end time detected by thread: Ticket Readers 1-718
2026-07-27 11:27:41,037 INFO o.a.j.t.JMeterThread: Thread finished: Ticket Readers 1-718
2026-07-27 11:27:41,039 INFO o.a.j.t.JMeterThread: Stopping because end time detected by thread: Ticket Readers 1-727
2026-07-27 11:27:41,039 INFO o.a.j.t.JMeterThread: Thread finished: Ticket Readers 1-727
2026-07-27 11:27:41,040 INFO o.a.j.t.JMeterThread: Stopping because end time detected by thread: Ticket Readers 1-701
2026-07-27 11:27:41,040 INFO o.a.j.t.JMeterThread: Thread finished: Ticket Readers 1-701
2026-07-27 11:27:41,043 INFO o.a.j.t.JMeterThread: Thread finished: Ticket Readers 1-739
2026-07-27 11:27:41,044 INFO o.a.j.t.JMeterThread: Stopping because end time detected by thread: Ticket Readers 1-704
2026-07-27 11:27:41,044 INFO o.a.j.t.JMeterThread: Thread finished: Ticket Readers 1-704
2026-07-27 11:27:41,045 INFO o.a.j.t.JMeterThread: Stopping because end time detected by thread: Ticket Readers 1-697
2026-07-27 11:27:41,045 INFO o.a.j.t.JMeterThread: Thread finished: Ticket Readers 1-697
2026-07-27 11:27:41,046 INFO o.a.j.t.JMeterThread: Stopping because end time detected by thread: Ticket Readers 1-699
2026-07-27 11:27:41,046 INFO o.a.j.t.JMeterThread: Thread finished: Ticket Readers 1-699
2026-07-27 11:27:41,049 INFO o.a.j.t.JMeterThread: Stopping because end time detected by thread: Ticket Readers 1-684
2026-07-27 11:27:41,049 INFO o.a.j.t.JMeterThread: Thread finished: Ticket Readers 1-684
2026-07-27 11:27:41,049 INFO o.a.j.t.JMeterThread: Stopping because end time detected by thread: Ticket Readers 1-719
2026-07-27 11:27:41,049 INFO o.a.j.t.JMeterThread: Thread finished: Ticket Readers 1-719
2026-07-27 11:27:41,050 INFO o.a.j.t.JMeterThread: Stopping because end time detected by thread: Ticket Readers 1-548
2026-07-27 11:27:41,050 INFO o.a.j.t.JMeterThread: Thread finished: Ticket Readers 1-548
2026-07-27 11:27:41,051 INFO o.a.j.t.JMeterThread: Stopping because end time detected by thread: Ticket Readers 1-746
2026-07-27 11:27:41,051 INFO o.a.j.t.JMeterThread: Thread finished: Ticket Readers 1-746
2026-07-27 11:27:41,051 INFO o.a.j.t.JMeterThread: Stopping because end time detected by thread: Ticket Readers 1-730
2026-07-27 11:27:41,051 INFO o.a.j.t.JMeterThread: Thread finished: Ticket Readers 1-730
2026-07-27 11:27:41,053 INFO o.a.j.t.JMeterThread: Stopping because end time detected by thread: Ticket Readers 1-430
2026-07-27 11:27:41,053 INFO o.a.j.t.JMeterThread: Thread finished: Ticket Readers 1-430
2026-07-27 11:27:41,054 INFO o.a.j.t.JMeterThread: Stopping because end time detected by thread: Ticket Readers 1-693
2026-07-27 11:27:41,054 INFO o.a.j.t.JMeterThread: Thread finished: Ticket Readers 1-693
2026-07-27 11:27:41,055 INFO o.a.j.t.JMeterThread: Stopping because end time detected by thread: Ticket Readers 1-707
2026-07-27 11:27:41,055 INFO o.a.j.t.JMeterThread: Thread finished: Ticket Readers 1-707
2026-07-27 11:27:41,059 INFO o.a.j.t.JMeterThread: Stopping because end time detected by thread: Ticket Readers 1-722
2026-07-27 11:27:41,059 INFO o.a.j.t.JMeterThread: Thread finished: Ticket Readers 1-722
2026-07-27 11:27:41,059 INFO o.a.j.t.JMeterThread: Stopping because end time detected by thread: Ticket Readers 1-696
2026-07-27 11:27:41,059 INFO o.a.j.t.JMeterThread: Thread finished: Ticket Readers 1-696
2026-07-27 11:27:41,061 INFO o.a.j.t.JMeterThread: Stopping because end time detected by thread: Ticket Readers 1-742
2026-07-27 11:27:41,061 INFO o.a.j.t.JMeterThread: Thread finished: Ticket Readers 1-742
2026-07-27 11:27:41,066 INFO o.a.j.t.JMeterThread: Stopping because end time detected by thread: Ticket Readers 1-415
2026-07-27 11:27:41,066 INFO o.a.j.t.JMeterThread: Thread finished: Ticket Readers 1-415
2026-07-27 11:27:41,069 INFO o.a.j.t.JMeterThread: Stopping because end time detected by thread: Ticket Readers 1-752
2026-07-27 11:27:41,069 INFO o.a.j.t.JMeterThread: Thread finished: Ticket Readers 1-752
2026-07-27 11:27:41,069 INFO o.a.j.t.JMeterThread: Stopping because end time detected by thread: Ticket Readers 1-480
2026-07-27 11:27:41,069 INFO o.a.j.t.JMeterThread: Thread finished: Ticket Readers 1-480
2026-07-27 11:27:41,070 INFO o.a.j.t.JMeterThread: Stopping because end time detected by thread: Ticket Readers 1-715
2026-07-27 11:27:41,070 INFO o.a.j.t.JMeterThread: Thread finished: Ticket Readers 1-715
2026-07-27 11:27:41,070 INFO o.a.j.t.JMeterThread: Stopping because end time detected by thread: Ticket Readers 1-737
2026-07-27 11:27:41,070 INFO o.a.j.t.JMeterThread: Thread finished: Ticket Readers 1-737
2026-07-27 11:27:41,071 INFO o.a.j.t.JMeterThread: Stopping because end time detected by thread: Ticket Readers 1-753
2026-07-27 11:27:41,071 INFO o.a.j.t.JMeterThread: Thread finished: Ticket Readers 1-753
2026-07-27 11:27:41,076 INFO o.a.j.t.JMeterThread: Stopping because end time detected by thread: Ticket Readers 1-710
2026-07-27 11:27:41,076 INFO o.a.j.t.JMeterThread: Thread finished: Ticket Readers 1-710
2026-07-27 11:27:41,080 INFO o.a.j.t.JMeterThread: Stopping because end time detected by thread: Ticket Readers 1-732
2026-07-27 11:27:41,080 INFO o.a.j.t.JMeterThread: Thread finished: Ticket Readers 1-732
2026-07-27 11:27:41,081 INFO o.a.j.t.JMeterThread: Stopping because end time detected by thread: Ticket Readers 1-744
2026-07-27 11:27:41,081 INFO o.a.j.t.JMeterThread: Thread finished: Ticket Readers 1-744
2026-07-27 11:27:41,082 INFO o.a.j.t.JMeterThread: Stopping because end time detected by thread: Ticket Readers 1-716
2026-07-27 11:27:41,082 INFO o.a.j.t.JMeterThread: Thread finished: Ticket Readers 1-716
2026-07-27 11:27:41,084 INFO o.a.j.t.JMeterThread: Stopping because end time detected by thread: Ticket Readers 1-738
2026-07-27 11:27:41,084 INFO o.a.j.t.JMeterThread: Thread finished: Ticket Readers 1-738
2026-07-27 11:27:41,086 INFO o.a.j.t.JMeterThread: Stopping because end time detected by thread: Ticket Readers 1-709
2026-07-27 11:27:41,086 INFO o.a.j.t.JMeterThread: Thread finished: Ticket Readers 1-709
2026-07-27 11:27:41,088 INFO o.a.j.t.JMeterThread: Stopping because end time detected by thread: Ticket Readers 1-65
2026-07-27 11:27:41,088 INFO o.a.j.t.JMeterThread: Thread finished: Ticket Readers 1-65
2026-07-27 11:27:41,088 INFO o.a.j.t.JMeterThread: Stopping because end time detected by thread: Ticket Readers 1-740
2026-07-27 11:27:41,088 INFO o.a.j.t.JMeterThread: Thread finished: Ticket Readers 1-740
2026-07-27 11:27:41,091 INFO o.a.j.t.JMeterThread: Stopping because end time detected by thread: Ticket Readers 1-724
2026-07-27 11:27:41,091 INFO o.a.j.t.JMeterThread: Thread finished: Ticket Readers 1-724
2026-07-27 11:27:41,092 INFO o.a.j.t.JMeterThread: Stopping because end time detected by thread: Ticket Readers 1-747
2026-07-27 11:27:41,092 INFO o.a.j.t.JMeterThread: Thread finished: Ticket Readers 1-747
2026-07-27 11:27:41,093 INFO o.a.j.t.JMeterThread: Stopping because end time detected by thread: Ticket Readers 1-717
2026-07-27 11:27:41,093 INFO o.a.j.t.JMeterThread: Thread finished: Ticket Readers 1-717
2026-07-27 11:27:41,095 INFO o.a.j.t.JMeterThread: Stopping because end time detected by thread: Ticket Readers 1-273
2026-07-27 11:27:41,095 INFO o.a.j.t.JMeterThread: Thread finished: Ticket Readers 1-273
2026-07-27 11:27:41,096 INFO o.a.j.t.JMeterThread: Stopping because end time detected by thread: Ticket Readers 1-602
2026-07-27 11:27:41,096 INFO o.a.j.t.JMeterThread: Thread finished: Ticket Readers 1-602
2026-07-27 11:27:41,096 INFO o.a.j.t.JMeterThread: Stopping because end time detected by thread: Ticket Readers 1-686
2026-07-27 11:27:41,096 INFO o.a.j.t.JMeterThread: Thread finished: Ticket Readers 1-686
2026-07-27 11:27:41,097 INFO o.a.j.t.JMeterThread: Stopping because end time detected by thread: Ticket Readers 1-491
2026-07-27 11:27:41,097 INFO o.a.j.t.JMeterThread: Thread finished: Ticket Readers 1-491
2026-07-27 11:27:41,102 INFO o.a.j.t.JMeterThread: Stopping because end time detected by thread: Ticket Readers 1-635
2026-07-27 11:27:41,102 INFO o.a.j.t.JMeterThread: Stopping because end time detected by thread: Ticket Readers 1-563
2026-07-27 11:27:41,102 INFO o.a.j.t.JMeterThread: Thread finished: Ticket Readers 1-635
2026-07-27 11:27:41,102 INFO o.a.j.t.JMeterThread: Thread finished: Ticket Readers 1-563
2026-07-27 11:27:41,103 INFO o.a.j.t.JMeterThread: Stopping because end time detected by thread: Ticket Readers 1-611
2026-07-27 11:27:41,103 INFO o.a.j.t.JMeterThread: Thread finished: Ticket Readers 1-611
2026-07-27 11:27:41,104 INFO o.a.j.t.JMeterThread: Stopping because end time detected by thread: Ticket Readers 1-713
2026-07-27 11:27:41,104 INFO o.a.j.t.JMeterThread: Thread finished: Ticket Readers 1-713
2026-07-27 11:27:41,106 INFO o.a.j.t.JMeterThread: Stopping because end time detected by thread: Ticket Readers 1-741
2026-07-27 11:27:41,106 INFO o.a.j.t.JMeterThread: Thread finished: Ticket Readers 1-741
2026-07-27 11:27:41,107 INFO o.a.j.t.JMeterThread: Stopping because end time detected by thread: Ticket Readers 1-749
2026-07-27 11:27:41,107 INFO o.a.j.t.JMeterThread: Thread finished: Ticket Readers 1-749
2026-07-27 11:27:41,108 INFO o.a.j.t.JMeterThread: Stopping because end time detected by thread: Ticket Readers 1-350
2026-07-27 11:27:41,108 INFO o.a.j.t.JMeterThread: Thread finished: Ticket Readers 1-350
2026-07-27 11:27:41,111 INFO o.a.j.t.JMeterThread: Stopping because end time detected by thread: Ticket Readers 1-736
2026-07-27 11:27:41,111 INFO o.a.j.t.JMeterThread: Thread finished: Ticket Readers 1-736
2026-07-27 11:27:41,112 INFO o.a.j.t.JMeterThread: Stopping because end time detected by thread: Ticket Readers 1-721
2026-07-27 11:27:41,112 INFO o.a.j.t.JMeterThread: Thread finished: Ticket Readers 1-721
2026-07-27 11:27:41,114 INFO o.a.j.t.JMeterThread: Stopping because end time detected by thread: Ticket Readers 1-726
2026-07-27 11:27:41,114 INFO o.a.j.t.JMeterThread: Thread finished: Ticket Readers 1-726
2026-07-27 11:27:41,116 INFO o.a.j.t.JMeterThread: Stopping because end time detected by thread: Ticket Readers 1-733
2026-07-27 11:27:41,116 INFO o.a.j.t.JMeterThread: Thread finished: Ticket Readers 1-733
2026-07-27 11:27:41,117 INFO o.a.j.t.JMeterThread: Stopping because end time detected by thread: Ticket Readers 1-734
2026-07-27 11:27:41,117 INFO o.a.j.t.JMeterThread: Thread finished: Ticket Readers 1-734
2026-07-27 11:27:41,117 INFO o.a.j.t.JMeterThread: Stopping because end time detected by thread: Ticket Readers 1-754
2026-07-27 11:27:41,117 INFO o.a.j.t.JMeterThread: Thread finished: Ticket Readers 1-754
2026-07-27 11:27:41,118 INFO o.a.j.t.JMeterThread: Stopping because end time detected by thread: Ticket Readers 1-714
2026-07-27 11:27:41,119 INFO o.a.j.t.JMeterThread: Thread finished: Ticket Readers 1-714
2026-07-27 11:27:41,119 INFO o.a.j.t.JMeterThread: Stopping because end time detected by thread: Ticket Readers 1-773
2026-07-27 11:27:41,119 INFO o.a.j.t.JMeterThread: Thread finished: Ticket Readers 1-773
2026-07-27 11:27:41,119 INFO o.a.j.t.JMeterThread: Stopping because end time detected by thread: Ticket Readers 1-731
2026-07-27 11:27:41,119 INFO o.a.j.t.JMeterThread: Thread finished: Ticket Readers 1-731
2026-07-27 11:27:41,121 INFO o.a.j.t.JMeterThread: Stopping because end time detected by thread: Ticket Readers 1-705
2026-07-27 11:27:41,121 INFO o.a.j.t.JMeterThread: Stopping because end time detected by thread: Ticket Readers 1-728
2026-07-27 11:27:41,121 INFO o.a.j.t.JMeterThread: Thread finished: Ticket Readers 1-728
2026-07-27 11:27:41,121 INFO o.a.j.t.JMeterThread: Thread finished: Ticket Readers 1-705
2026-07-27 11:27:41,123 INFO o.a.j.t.JMeterThread: Stopping because end time detected by thread: Ticket Readers 1-702
2026-07-27 11:27:41,124 INFO o.a.j.t.JMeterThread: Thread finished: Ticket Readers 1-702
2026-07-27 11:27:41,125 INFO o.a.j.t.JMeterThread: Stopping because end time detected by thread: Ticket Readers 1-694
2026-07-27 11:27:41,125 INFO o.a.j.t.JMeterThread: Thread finished: Ticket Readers 1-694
2026-07-27 11:27:41,126 INFO o.a.j.t.JMeterThread: Stopping because end time detected by thread: Ticket Readers 1-723
2026-07-27 11:27:41,127 INFO o.a.j.t.JMeterThread: Thread finished: Ticket Readers 1-723
2026-07-27 11:27:41,128 INFO o.a.j.t.JMeterThread: Stopping because end time detected by thread: Ticket Readers 1-729
2026-07-27 11:27:41,128 INFO o.a.j.t.JMeterThread: Thread finished: Ticket Readers 1-729
2026-07-27 11:27:41,131 INFO o.a.j.t.JMeterThread: Stopping because end time detected by thread: Ticket Readers 1-743
2026-07-27 11:27:41,131 INFO o.a.j.t.JMeterThread: Thread finished: Ticket Readers 1-743
2026-07-27 11:27:41,131 INFO o.a.j.t.JMeterThread: Stopping because end time detected by thread: Ticket Readers 1-735
2026-07-27 11:27:41,131 INFO o.a.j.t.JMeterThread: Thread finished: Ticket Readers 1-735
2026-07-27 11:27:41,140 INFO o.a.j.t.JMeterThread: Stopping because end time detected by thread: Ticket Readers 1-763
2026-07-27 11:27:41,140 INFO o.a.j.t.JMeterThread: Thread finished: Ticket Readers 1-763
2026-07-27 11:27:41,141 INFO o.a.j.t.JMeterThread: Stopping because end time detected by thread: Ticket Readers 1-768
2026-07-27 11:27:41,141 INFO o.a.j.t.JMeterThread: Thread finished: Ticket Readers 1-768
2026-07-27 11:27:41,141 INFO o.a.j.t.JMeterThread: Stopping because end time detected by thread: Ticket Readers 1-767
2026-07-27 11:27:41,141 INFO o.a.j.t.JMeterThread: Stopping because end time detected by thread: Ticket Readers 1-760
2026-07-27 11:27:41,141 INFO o.a.j.t.JMeterThread: Thread finished: Ticket Readers 1-767
2026-07-27 11:27:41,141 INFO o.a.j.t.JMeterThread: Thread finished: Ticket Readers 1-760
2026-07-27 11:27:41,143 INFO o.a.j.t.JMeterThread: Stopping because end time detected by thread: Ticket Readers 1-757
2026-07-27 11:27:41,143 INFO o.a.j.t.JMeterThread: Thread finished: Ticket Readers 1-757
2026-07-27 11:27:41,144 INFO o.a.j.t.JMeterThread: Stopping because end time detected by thread: Ticket Readers 1-748
2026-07-27 11:27:41,144 INFO o.a.j.t.JMeterThread: Thread finished: Ticket Readers 1-748
2026-07-27 11:27:41,146 INFO o.a.j.t.JMeterThread: Stopping because end time detected by thread: Ticket Readers 1-761
2026-07-27 11:27:41,146 INFO o.a.j.t.JMeterThread: Thread finished: Ticket Readers 1-761
2026-07-27 11:27:41,146 INFO o.a.j.t.JMeterThread: Stopping because end time detected by thread: Ticket Readers 1-762
2026-07-27 11:27:41,146 INFO o.a.j.t.JMeterThread: Thread finished: Ticket Readers 1-762
2026-07-27 11:27:41,150 INFO o.a.j.t.JMeterThread: Stopping because end time detected by thread: Ticket Readers 1-750
2026-07-27 11:27:41,150 INFO o.a.j.t.JMeterThread: Thread finished: Ticket Readers 1-750
2026-07-27 11:27:41,150 INFO o.a.j.t.JMeterThread: Stopping because end time detected by thread: Ticket Readers 1-755
2026-07-27 11:27:41,150 INFO o.a.j.t.JMeterThread: Thread finished: Ticket Readers 1-755
2026-07-27 11:27:41,166 INFO o.a.j.t.JMeterThread: Stopping because end time detected by thread: Ticket Readers 1-756
2026-07-27 11:27:41,166 INFO o.a.j.t.JMeterThread: Thread finished: Ticket Readers 1-756
2026-07-27 11:27:41,166 INFO o.a.j.t.JMeterThread: Stopping because end time detected by thread: Ticket Readers 1-681
2026-07-27 11:27:41,166 INFO o.a.j.t.JMeterThread: Thread finished: Ticket Readers 1-681
2026-07-27 11:27:41,171 INFO o.a.j.t.JMeterThread: Stopping because end time detected by thread: Ticket Readers 1-771
2026-07-27 11:27:41,171 INFO o.a.j.t.JMeterThread: Thread finished: Ticket Readers 1-771
2026-07-27 11:27:41,172 INFO o.a.j.t.JMeterThread: Stopping because end time detected by thread: Ticket Readers 1-764
2026-07-27 11:27:41,172 INFO o.a.j.t.JMeterThread: Thread finished: Ticket Readers 1-764
2026-07-27 11:27:41,183 INFO o.a.j.t.JMeterThread: Stopping because end time detected by thread: Ticket Readers 1-745
2026-07-27 11:27:41,183 INFO o.a.j.t.JMeterThread: Thread finished: Ticket Readers 1-745
2026-07-27 11:27:41,186 INFO o.a.j.t.JMeterThread: Stopping because end time detected by thread: Ticket Readers 1-759
2026-07-27 11:27:41,186 INFO o.a.j.t.JMeterThread: Stopping because end time detected by thread: Ticket Readers 1-765
2026-07-27 11:27:41,186 INFO o.a.j.t.JMeterThread: Thread finished: Ticket Readers 1-765
2026-07-27 11:27:41,186 INFO o.a.j.t.JMeterThread: Thread finished: Ticket Readers 1-759
2026-07-27 11:27:41,202 INFO o.a.j.t.JMeterThread: Stopping because end time detected by thread: Ticket Readers 1-772
2026-07-27 11:27:41,202 INFO o.a.j.t.JMeterThread: Thread finished: Ticket Readers 1-772
2026-07-27 11:27:41,204 INFO o.a.j.t.JMeterThread: Stopping because end time detected by thread: Ticket Readers 1-720
2026-07-27 11:27:41,204 INFO o.a.j.t.JMeterThread: Thread finished: Ticket Readers 1-720
2026-07-27 11:27:41,206 INFO o.a.j.t.JMeterThread: Stopping because end time detected by thread: Ticket Readers 1-782
2026-07-27 11:27:41,206 INFO o.a.j.t.JMeterThread: Thread finished: Ticket Readers 1-782
2026-07-27 11:27:41,207 INFO o.a.j.t.JMeterThread: Stopping because end time detected by thread: Ticket Readers 1-774
2026-07-27 11:27:41,207 INFO o.a.j.t.JMeterThread: Thread finished: Ticket Readers 1-774
2026-07-27 11:27:41,208 INFO o.a.j.t.JMeterThread: Stopping because end time detected by thread: Ticket Readers 1-778
2026-07-27 11:27:41,208 INFO o.a.j.t.JMeterThread: Thread finished: Ticket Readers 1-778
2026-07-27 11:27:41,212 INFO o.a.j.t.JMeterThread: Stopping because end time detected by thread: Ticket Readers 1-792
2026-07-27 11:27:41,212 INFO o.a.j.t.JMeterThread: Thread finished: Ticket Readers 1-792
2026-07-27 11:27:41,215 INFO o.a.j.t.JMeterThread: Stopping because end time detected by thread: Ticket Readers 1-770
2026-07-27 11:27:41,216 INFO o.a.j.t.JMeterThread: Thread finished: Ticket Readers 1-770
2026-07-27 11:27:41,218 INFO o.a.j.t.JMeterThread: Stopping because end time detected by thread: Ticket Readers 1-776
2026-07-27 11:27:41,218 INFO o.a.j.t.JMeterThread: Thread finished: Ticket Readers 1-776
2026-07-27 11:27:41,219 INFO o.a.j.t.JMeterThread: Stopping because end time detected by thread: Ticket Readers 1-810
2026-07-27 11:27:41,219 INFO o.a.j.t.JMeterThread: Thread finished: Ticket Readers 1-810
2026-07-27 11:27:41,220 INFO o.a.j.t.JMeterThread: Stopping because end time detected by thread: Ticket Readers 1-784
2026-07-27 11:27:41,220 INFO o.a.j.t.JMeterThread: Thread finished: Ticket Readers 1-784
2026-07-27 11:27:41,220 INFO o.a.j.t.JMeterThread: Stopping because end time detected by thread: Ticket Readers 1-794
2026-07-27 11:27:41,220 INFO o.a.j.t.JMeterThread: Thread finished: Ticket Readers 1-794
2026-07-27 11:27:41,226 INFO o.a.j.t.JMeterThread: Stopping because end time detected by thread: Ticket Readers 1-781
2026-07-27 11:27:41,226 INFO o.a.j.t.JMeterThread: Thread finished: Ticket Readers 1-781
2026-07-27 11:27:41,226 INFO o.a.j.t.JMeterThread: Stopping because end time detected by thread: Ticket Readers 1-803
2026-07-27 11:27:41,226 INFO o.a.j.t.JMeterThread: Thread finished: Ticket Readers 1-803
2026-07-27 11:27:41,227 INFO o.a.j.t.JMeterThread: Stopping because end time detected by thread: Ticket Readers 1-758
2026-07-27 11:27:41,227 INFO o.a.j.t.JMeterThread: Thread finished: Ticket Readers 1-758
2026-07-27 11:27:41,227 INFO o.a.j.t.JMeterThread: Stopping because end time detected by thread: Ticket Readers 1-788
2026-07-27 11:27:41,227 INFO o.a.j.t.JMeterThread: Thread finished: Ticket Readers 1-788
2026-07-27 11:27:41,229 INFO o.a.j.t.JMeterThread: Stopping because end time detected by thread: Ticket Readers 1-786
2026-07-27 11:27:41,229 INFO o.a.j.t.JMeterThread: Thread finished: Ticket Readers 1-786
2026-07-27 11:27:41,230 INFO o.a.j.t.JMeterThread: Stopping because end time detected by thread: Ticket Readers 1-824
2026-07-27 11:27:41,230 INFO o.a.j.t.JMeterThread: Thread finished: Ticket Readers 1-824
2026-07-27 11:27:41,234 INFO o.a.j.t.JMeterThread: Stopping because end time detected by thread: Ticket Readers 1-797
2026-07-27 11:27:41,234 INFO o.a.j.t.JMeterThread: Thread finished: Ticket Readers 1-797
2026-07-27 11:27:41,238 INFO o.a.j.t.JMeterThread: Stopping because end time detected by thread: Ticket Readers 1-796
2026-07-27 11:27:41,239 INFO o.a.j.t.JMeterThread: Thread finished: Ticket Readers 1-796
2026-07-27 11:27:41,242 INFO o.a.j.t.JMeterThread: Stopping because end time detected by thread: Ticket Readers 1-769
2026-07-27 11:27:41,242 INFO o.a.j.t.JMeterThread: Thread finished: Ticket Readers 1-769
2026-07-27 11:27:41,249 INFO o.a.j.t.JMeterThread: Stopping because end time detected by thread: Ticket Readers 1-802
2026-07-27 11:27:41,249 INFO o.a.j.t.JMeterThread: Thread finished: Ticket Readers 1-802
2026-07-27 11:27:41,249 INFO o.a.j.t.JMeterThread: Stopping because end time detected by thread: Ticket Readers 1-766
2026-07-27 11:27:41,249 INFO o.a.j.t.JMeterThread: Thread finished: Ticket Readers 1-766
2026-07-27 11:27:41,254 INFO o.a.j.t.JMeterThread: Stopping because end time detected by thread: Ticket Readers 1-826
2026-07-27 11:27:41,254 INFO o.a.j.t.JMeterThread: Thread finished: Ticket Readers 1-826
2026-07-27 11:27:41,263 INFO o.a.j.t.JMeterThread: Stopping because end time detected by thread: Ticket Readers 1-775
2026-07-27 11:27:41,263 INFO o.a.j.t.JMeterThread: Thread finished: Ticket Readers 1-775
2026-07-27 11:27:41,265 INFO o.a.j.t.JMeterThread: Stopping because end time detected by thread: Ticket Readers 1-798
2026-07-27 11:27:41,266 INFO o.a.j.t.JMeterThread: Thread finished: Ticket Readers 1-798
2026-07-27 11:27:41,266 INFO o.a.j.t.JMeterThread: Stopping because end time detected by thread: Ticket Readers 1-829
2026-07-27 11:27:41,266 INFO o.a.j.t.JMeterThread: Thread finished: Ticket Readers 1-829
2026-07-27 11:27:41,268 INFO o.a.j.t.JMeterThread: Stopping because end time detected by thread: Ticket Readers 1-793
2026-07-27 11:27:41,268 INFO o.a.j.t.JMeterThread: Thread finished: Ticket Readers 1-793
2026-07-27 11:27:41,268 INFO o.a.j.t.JMeterThread: Stopping because end time detected by thread: Ticket Readers 1-820
2026-07-27 11:27:41,268 INFO o.a.j.t.JMeterThread: Thread finished: Ticket Readers 1-820
2026-07-27 11:27:41,269 INFO o.a.j.t.JMeterThread: Stopping because end time detected by thread: Ticket Readers 1-813
2026-07-27 11:27:41,269 INFO o.a.j.t.JMeterThread: Thread finished: Ticket Readers 1-813
2026-07-27 11:27:41,270 INFO o.a.j.t.JMeterThread: Stopping because end time detected by thread: Ticket Readers 1-808
2026-07-27 11:27:41,270 INFO o.a.j.t.JMeterThread: Thread finished: Ticket Readers 1-808
2026-07-27 11:27:41,271 INFO o.a.j.t.JMeterThread: Stopping because end time detected by thread: Ticket Readers 1-822
2026-07-27 11:27:41,271 INFO o.a.j.t.JMeterThread: Thread finished: Ticket Readers 1-822
2026-07-27 11:27:41,272 INFO o.a.j.t.JMeterThread: Stopping because end time detected by thread: Ticket Readers 1-787
2026-07-27 11:27:41,272 INFO o.a.j.t.JMeterThread: Thread finished: Ticket Readers 1-787
2026-07-27 11:27:41,278 INFO o.a.j.t.JMeterThread: Stopping because end time detected by thread: Ticket Readers 1-795
2026-07-27 11:27:41,278 INFO o.a.j.t.JMeterThread: Thread finished: Ticket Readers 1-795
2026-07-27 11:27:41,279 INFO o.a.j.t.JMeterThread: Stopping because end time detected by thread: Ticket Readers 1-831
2026-07-27 11:27:41,279 INFO o.a.j.t.JMeterThread: Thread finished: Ticket Readers 1-831
2026-07-27 11:27:41,281 INFO o.a.j.t.JMeterThread: Stopping because end time detected by thread: Ticket Readers 1-790
2026-07-27 11:27:41,281 INFO o.a.j.t.JMeterThread: Thread finished: Ticket Readers 1-790
2026-07-27 11:27:41,282 INFO o.a.j.t.JMeterThread: Stopping because end time detected by thread: Ticket Readers 1-816
2026-07-27 11:27:41,282 INFO o.a.j.t.JMeterThread: Thread finished: Ticket Readers 1-816
2026-07-27 11:27:41,284 INFO o.a.j.t.JMeterThread: Stopping because end time detected by thread: Ticket Readers 1-833
2026-07-27 11:27:41,284 INFO o.a.j.t.JMeterThread: Thread finished: Ticket Readers 1-833
2026-07-27 11:27:41,286 INFO o.a.j.t.JMeterThread: Stopping because end time detected by thread: Ticket Readers 1-789
2026-07-27 11:27:41,286 INFO o.a.j.t.JMeterThread: Thread finished: Ticket Readers 1-789
2026-07-27 11:27:41,287 INFO o.a.j.t.JMeterThread: Stopping because end time detected by thread: Ticket Readers 1-783
2026-07-27 11:27:41,287 INFO o.a.j.t.JMeterThread: Thread finished: Ticket Readers 1-783
2026-07-27 11:27:41,290 INFO o.a.j.t.JMeterThread: Stopping because end time detected by thread: Ticket Readers 1-827
2026-07-27 11:27:41,290 INFO o.a.j.t.JMeterThread: Thread finished: Ticket Readers 1-827
2026-07-27 11:27:41,291 INFO o.a.j.t.JMeterThread: Stopping because end time detected by thread: Ticket Readers 1-791
2026-07-27 11:27:41,291 INFO o.a.j.t.JMeterThread: Thread finished: Ticket Readers 1-791
2026-07-27 11:27:41,296 INFO o.a.j.t.JMeterThread: Stopping because end time detected by thread: Ticket Readers 1-818
2026-07-27 11:27:41,296 INFO o.a.j.t.JMeterThread: Thread finished: Ticket Readers 1-818
2026-07-27 11:27:41,299 INFO o.a.j.t.JMeterThread: Stopping because end time detected by thread: Ticket Readers 1-800
2026-07-27 11:27:41,299 INFO o.a.j.t.JMeterThread: Stopping because end time detected by thread: Ticket Readers 1-814
2026-07-27 11:27:41,299 INFO o.a.j.t.JMeterThread: Thread finished: Ticket Readers 1-800
2026-07-27 11:27:41,299 INFO o.a.j.t.JMeterThread: Thread finished: Ticket Readers 1-814
2026-07-27 11:27:41,300 INFO o.a.j.t.JMeterThread: Stopping because end time detected by thread: Ticket Readers 1-823
2026-07-27 11:27:41,300 INFO o.a.j.t.JMeterThread: Thread finished: Ticket Readers 1-823
2026-07-27 11:27:41,302 INFO o.a.j.t.JMeterThread: Stopping because end time detected by thread: Ticket Readers 1-815
2026-07-27 11:27:41,302 INFO o.a.j.t.JMeterThread: Thread finished: Ticket Readers 1-815
2026-07-27 11:27:41,304 INFO o.a.j.t.JMeterThread: Stopping because end time detected by thread: Ticket Readers 1-828
2026-07-27 11:27:41,304 INFO o.a.j.t.JMeterThread: Thread finished: Ticket Readers 1-828
2026-07-27 11:27:41,306 INFO o.a.j.t.JMeterThread: Stopping because end time detected by thread: Ticket Readers 1-811
2026-07-27 11:27:41,306 INFO o.a.j.t.JMeterThread: Thread finished: Ticket Readers 1-811
2026-07-27 11:27:41,310 INFO o.a.j.t.JMeterThread: Stopping because end time detected by thread: Ticket Readers 1-821
2026-07-27 11:27:41,310 INFO o.a.j.t.JMeterThread: Thread finished: Ticket Readers 1-821
2026-07-27 11:27:41,311 INFO o.a.j.t.JMeterThread: Stopping because end time detected by thread: Ticket Readers 1-780
2026-07-27 11:27:41,311 INFO o.a.j.t.JMeterThread: Thread finished: Ticket Readers 1-780
2026-07-27 11:27:41,312 INFO o.a.j.t.JMeterThread: Stopping because end time detected by thread: Ticket Readers 1-799
2026-07-27 11:27:41,313 INFO o.a.j.t.JMeterThread: Thread finished: Ticket Readers 1-799
2026-07-27 11:27:41,314 INFO o.a.j.t.JMeterThread: Stopping because end time detected by thread: Ticket Readers 1-777
2026-07-27 11:27:41,314 INFO o.a.j.t.JMeterThread: Thread finished: Ticket Readers 1-777
2026-07-27 11:27:41,318 INFO o.a.j.t.JMeterThread: Stopping because end time detected by thread: Ticket Readers 1-779
2026-07-27 11:27:41,318 INFO o.a.j.t.JMeterThread: Thread finished: Ticket Readers 1-779
2026-07-27 11:27:41,319 INFO o.a.j.t.JMeterThread: Stopping because end time detected by thread: Ticket Readers 1-835
2026-07-27 11:27:41,319 INFO o.a.j.t.JMeterThread: Thread finished: Ticket Readers 1-835
2026-07-27 11:27:41,321 INFO o.a.j.t.JMeterThread: Stopping because end time detected by thread: Ticket Readers 1-809
2026-07-27 11:27:41,321 INFO o.a.j.t.JMeterThread: Thread finished: Ticket Readers 1-809
2026-07-27 11:27:41,323 INFO o.a.j.t.JMeterThread: Stopping because end time detected by thread: Ticket Readers 1-785
2026-07-27 11:27:41,323 INFO o.a.j.t.JMeterThread: Thread finished: Ticket Readers 1-785
2026-07-27 11:27:41,323 INFO o.a.j.t.JMeterThread: Stopping because end time detected by thread: Ticket Readers 1-805
2026-07-27 11:27:41,323 INFO o.a.j.t.JMeterThread: Thread finished: Ticket Readers 1-805
2026-07-27 11:27:41,325 INFO o.a.j.t.JMeterThread: Stopping because end time detected by thread: Ticket Readers 1-819
2026-07-27 11:27:41,325 INFO o.a.j.t.JMeterThread: Thread finished: Ticket Readers 1-819
2026-07-27 11:27:41,327 INFO o.a.j.t.JMeterThread: Stopping because end time detected by thread: Ticket Readers 1-807
2026-07-27 11:27:41,327 INFO o.a.j.t.JMeterThread: Thread finished: Ticket Readers 1-807
2026-07-27 11:27:41,330 INFO o.a.j.t.JMeterThread: Stopping because end time detected by thread: Ticket Readers 1-804
2026-07-27 11:27:41,330 INFO o.a.j.t.JMeterThread: Thread finished: Ticket Readers 1-804
2026-07-27 11:27:41,331 INFO o.a.j.t.JMeterThread: Stopping because end time detected by thread: Ticket Readers 1-812
2026-07-27 11:27:41,331 INFO o.a.j.t.JMeterThread: Thread finished: Ticket Readers 1-812
2026-07-27 11:27:41,331 INFO o.a.j.t.JMeterThread: Stopping because end time detected by thread: Ticket Readers 1-817
2026-07-27 11:27:41,331 INFO o.a.j.t.JMeterThread: Thread finished: Ticket Readers 1-817
2026-07-27 11:27:41,332 INFO o.a.j.t.JMeterThread: Stopping because end time detected by thread: Ticket Readers 1-806
2026-07-27 11:27:41,332 INFO o.a.j.t.JMeterThread: Thread finished: Ticket Readers 1-806
2026-07-27 11:27:41,333 INFO o.a.j.t.JMeterThread: Stopping because end time detected by thread: Ticket Readers 1-832
2026-07-27 11:27:41,333 INFO o.a.j.t.JMeterThread: Thread finished: Ticket Readers 1-832
2026-07-27 11:27:41,335 INFO o.a.j.t.JMeterThread: Stopping because end time detected by thread: Ticket Readers 1-801
2026-07-27 11:27:41,335 INFO o.a.j.t.JMeterThread: Thread finished: Ticket Readers 1-801
2026-07-27 11:27:41,336 INFO o.a.j.t.JMeterThread: Stopping because end time detected by thread: Ticket Readers 1-830
2026-07-27 11:27:41,336 INFO o.a.j.t.JMeterThread: Thread finished: Ticket Readers 1-830
2026-07-27 11:27:41,338 INFO o.a.j.t.JMeterThread: Stopping because end time detected by thread: Ticket Readers 1-825
2026-07-27 11:27:41,338 INFO o.a.j.t.JMeterThread: Thread finished: Ticket Readers 1-825
2026-07-27 11:27:41,339 INFO o.a.j.t.JMeterThread: Stopping because end time detected by thread: Ticket Readers 1-836
2026-07-27 11:27:41,339 INFO o.a.j.t.JMeterThread: Thread finished: Ticket Readers 1-836
2026-07-27 11:27:41,340 INFO o.a.j.t.JMeterThread: Stopping because end time detected by thread: Ticket Readers 1-834
2026-07-27 11:27:41,340 INFO o.a.j.t.JMeterThread: Thread finished: Ticket Readers 1-834
2026-07-27 11:27:41,384 INFO o.a.j.t.JMeterThread: Stopping because end time detected by thread: Ticket Readers 1-838
2026-07-27 11:27:41,384 INFO o.a.j.t.JMeterThread: Thread finished: Ticket Readers 1-838
2026-07-27 11:27:41,414 INFO o.a.j.t.JMeterThread: Stopping because end time detected by thread: Ticket Readers 1-841
2026-07-27 11:27:41,415 INFO o.a.j.t.JMeterThread: Thread finished: Ticket Readers 1-841
2026-07-27 11:27:41,418 INFO o.a.j.t.JMeterThread: Stopping because end time detected by thread: Ticket Readers 1-846
2026-07-27 11:27:41,418 INFO o.a.j.t.JMeterThread: Thread finished: Ticket Readers 1-846
2026-07-27 11:27:41,425 INFO o.a.j.t.JMeterThread: Stopping because end time detected by thread: Ticket Readers 1-839
2026-07-27 11:27:41,425 INFO o.a.j.t.JMeterThread: Thread finished: Ticket Readers 1-839
2026-07-27 11:27:41,430 INFO o.a.j.t.JMeterThread: Stopping because end time detected by thread: Ticket Readers 1-842
2026-07-27 11:27:41,430 INFO o.a.j.t.JMeterThread: Thread finished: Ticket Readers 1-842
2026-07-27 11:27:41,431 INFO o.a.j.t.JMeterThread: Stopping because end time detected by thread: Ticket Readers 1-844
2026-07-27 11:27:41,431 INFO o.a.j.t.JMeterThread: Thread finished: Ticket Readers 1-844
2026-07-27 11:27:41,445 INFO o.a.j.t.JMeterThread: Stopping because end time detected by thread: Ticket Readers 1-851
2026-07-27 11:27:41,445 INFO o.a.j.t.JMeterThread: Thread finished: Ticket Readers 1-851
2026-07-27 11:27:41,449 INFO o.a.j.t.JMeterThread: Stopping because end time detected by thread: Ticket Readers 1-837
2026-07-27 11:27:41,449 INFO o.a.j.t.JMeterThread: Thread finished: Ticket Readers 1-837
2026-07-27 11:27:41,453 INFO o.a.j.t.JMeterThread: Stopping because end time detected by thread: Ticket Readers 1-840
2026-07-27 11:27:41,453 INFO o.a.j.t.JMeterThread: Thread finished: Ticket Readers 1-840
2026-07-27 11:27:41,454 INFO o.a.j.t.JMeterThread: Stopping because end time detected by thread: Ticket Readers 1-852
2026-07-27 11:27:41,454 INFO o.a.j.t.JMeterThread: Thread finished: Ticket Readers 1-852
2026-07-27 11:27:41,456 INFO o.a.j.t.JMeterThread: Stopping because end time detected by thread: Ticket Readers 1-848
2026-07-27 11:27:41,456 INFO o.a.j.t.JMeterThread: Thread finished: Ticket Readers 1-848
2026-07-27 11:27:41,458 INFO o.a.j.t.JMeterThread: Stopping because end time detected by thread: Ticket Readers 1-843
2026-07-27 11:27:41,458 INFO o.a.j.t.JMeterThread: Thread finished: Ticket Readers 1-843
2026-07-27 11:27:41,462 INFO o.a.j.t.JMeterThread: Stopping because end time detected by thread: Ticket Readers 1-850
2026-07-27 11:27:41,462 INFO o.a.j.t.JMeterThread: Thread finished: Ticket Readers 1-850
2026-07-27 11:27:41,465 INFO o.a.j.t.JMeterThread: Stopping because end time detected by thread: Ticket Readers 1-847
2026-07-27 11:27:41,465 INFO o.a.j.t.JMeterThread: Thread finished: Ticket Readers 1-847
2026-07-27 11:27:41,469 INFO o.a.j.t.JMeterThread: Stopping because end time detected by thread: Ticket Readers 1-849
2026-07-27 11:27:41,470 INFO o.a.j.t.JMeterThread: Thread finished: Ticket Readers 1-849
2026-07-27 11:27:41,472 INFO o.a.j.t.JMeterThread: Stopping because end time detected by thread: Ticket Readers 1-856
2026-07-27 11:27:41,472 INFO o.a.j.t.JMeterThread: Thread finished: Ticket Readers 1-856
2026-07-27 11:27:41,474 INFO o.a.j.t.JMeterThread: Stopping because end time detected by thread: Ticket Readers 1-865
2026-07-27 11:27:41,474 INFO o.a.j.t.JMeterThread: Thread finished: Ticket Readers 1-865
2026-07-27 11:27:41,477 INFO o.a.j.t.JMeterThread: Stopping because end time detected by thread: Ticket Readers 1-862
2026-07-27 11:27:41,477 INFO o.a.j.t.JMeterThread: Stopping because end time detected by thread: Ticket Readers 1-854
2026-07-27 11:27:41,477 INFO o.a.j.t.JMeterThread: Thread finished: Ticket Readers 1-862
2026-07-27 11:27:41,477 INFO o.a.j.t.JMeterThread: Thread finished: Ticket Readers 1-854
2026-07-27 11:27:41,481 INFO o.a.j.t.JMeterThread: Stopping because end time detected by thread: Ticket Readers 1-860
2026-07-27 11:27:41,481 INFO o.a.j.t.JMeterThread: Thread finished: Ticket Readers 1-860
2026-07-27 11:27:41,481 INFO o.a.j.t.JMeterThread: Stopping because end time detected by thread: Ticket Readers 1-863
2026-07-27 11:27:41,481 INFO o.a.j.t.JMeterThread: Thread finished: Ticket Readers 1-863
2026-07-27 11:27:41,485 INFO o.a.j.t.JMeterThread: Stopping because end time detected by thread: Ticket Readers 1-870
2026-07-27 11:27:41,485 INFO o.a.j.t.JMeterThread: Thread finished: Ticket Readers 1-870
2026-07-27 11:27:41,486 INFO o.a.j.t.JMeterThread: Stopping because end time detected by thread: Ticket Readers 1-873
2026-07-27 11:27:41,486 INFO o.a.j.t.JMeterThread: Thread finished: Ticket Readers 1-873
2026-07-27 11:27:41,486 INFO o.a.j.t.JMeterThread: Stopping because end time detected by thread: Ticket Readers 1-845
2026-07-27 11:27:41,486 INFO o.a.j.t.JMeterThread: Thread finished: Ticket Readers 1-845
2026-07-27 11:27:41,487 INFO o.a.j.t.JMeterThread: Stopping because end time detected by thread: Ticket Readers 1-872
2026-07-27 11:27:41,487 INFO o.a.j.t.JMeterThread: Thread finished: Ticket Readers 1-872
2026-07-27 11:27:41,487 INFO o.a.j.t.JMeterThread: Stopping because end time detected by thread: Ticket Readers 1-874
2026-07-27 11:27:41,487 INFO o.a.j.t.JMeterThread: Thread finished: Ticket Readers 1-874
2026-07-27 11:27:41,490 INFO o.a.j.t.JMeterThread: Stopping because end time detected by thread: Ticket Readers 1-869
2026-07-27 11:27:41,490 INFO o.a.j.t.JMeterThread: Thread finished: Ticket Readers 1-869
2026-07-27 11:27:41,492 INFO o.a.j.t.JMeterThread: Stopping because end time detected by thread: Ticket Readers 1-882
2026-07-27 11:27:41,492 INFO o.a.j.t.JMeterThread: Thread finished: Ticket Readers 1-882
2026-07-27 11:27:41,495 INFO o.a.j.t.JMeterThread: Stopping because end time detected by thread: Ticket Readers 1-857
2026-07-27 11:27:41,495 INFO o.a.j.t.JMeterThread: Thread finished: Ticket Readers 1-857
2026-07-27 11:27:41,495 INFO o.a.j.t.JMeterThread: Stopping because end time detected by thread: Ticket Readers 1-887
2026-07-27 11:27:41,495 INFO o.a.j.t.JMeterThread: Thread finished: Ticket Readers 1-887
2026-07-27 11:27:41,496 INFO o.a.j.t.JMeterThread: Stopping because end time detected by thread: Ticket Readers 1-858
2026-07-27 11:27:41,496 INFO o.a.j.t.JMeterThread: Thread finished: Ticket Readers 1-858
2026-07-27 11:27:41,497 INFO o.a.j.t.JMeterThread: Stopping because end time detected by thread: Ticket Readers 1-876
2026-07-27 11:27:41,497 INFO o.a.j.t.JMeterThread: Thread finished: Ticket Readers 1-876
2026-07-27 11:27:41,497 INFO o.a.j.t.JMeterThread: Stopping because end time detected by thread: Ticket Readers 1-859
2026-07-27 11:27:41,498 INFO o.a.j.t.JMeterThread: Thread finished: Ticket Readers 1-859
2026-07-27 11:27:41,498 INFO o.a.j.t.JMeterThread: Stopping because end time detected by thread: Ticket Readers 1-861
2026-07-27 11:27:41,498 INFO o.a.j.t.JMeterThread: Thread finished: Ticket Readers 1-861
2026-07-27 11:27:41,500 INFO o.a.j.t.JMeterThread: Stopping because end time detected by thread: Ticket Readers 1-879
2026-07-27 11:27:41,500 INFO o.a.j.t.JMeterThread: Thread finished: Ticket Readers 1-879
2026-07-27 11:27:41,501 INFO o.a.j.t.JMeterThread: Stopping because end time detected by thread: Ticket Readers 1-866
2026-07-27 11:27:41,502 INFO o.a.j.t.JMeterThread: Thread finished: Ticket Readers 1-866
2026-07-27 11:27:41,505 INFO o.a.j.t.JMeterThread: Stopping because end time detected by thread: Ticket Readers 1-855
2026-07-27 11:27:41,505 INFO o.a.j.t.JMeterThread: Thread finished: Ticket Readers 1-855
2026-07-27 11:27:41,507 INFO o.a.j.t.JMeterThread: Stopping because end time detected by thread: Ticket Readers 1-868
2026-07-27 11:27:41,507 INFO o.a.j.t.JMeterThread: Thread finished: Ticket Readers 1-868
2026-07-27 11:27:41,507 INFO o.a.j.t.JMeterThread: Stopping because end time detected by thread: Ticket Readers 1-900
2026-07-27 11:27:41,508 INFO o.a.j.t.JMeterThread: Thread finished: Ticket Readers 1-900
2026-07-27 11:27:41,508 INFO o.a.j.t.JMeterThread: Stopping because end time detected by thread: Ticket Readers 1-864
2026-07-27 11:27:41,508 INFO o.a.j.t.JMeterThread: Thread finished: Ticket Readers 1-864
2026-07-27 11:27:41,509 INFO o.a.j.t.JMeterThread: Stopping because end time detected by thread: Ticket Readers 1-878
2026-07-27 11:27:41,509 INFO o.a.j.t.JMeterThread: Thread finished: Ticket Readers 1-878
2026-07-27 11:27:41,510 INFO o.a.j.t.JMeterThread: Stopping because end time detected by thread: Ticket Readers 1-853
2026-07-27 11:27:41,510 INFO o.a.j.t.JMeterThread: Thread finished: Ticket Readers 1-853
2026-07-27 11:27:41,513 INFO o.a.j.t.JMeterThread: Stopping because end time detected by thread: Ticket Readers 1-888
2026-07-27 11:27:41,513 INFO o.a.j.t.JMeterThread: Stopping because end time detected by thread: Ticket Readers 1-906
2026-07-27 11:27:41,513 INFO o.a.j.t.JMeterThread: Thread finished: Ticket Readers 1-906
2026-07-27 11:27:41,513 INFO o.a.j.t.JMeterThread: Thread finished: Ticket Readers 1-888
2026-07-27 11:27:41,517 INFO o.a.j.t.JMeterThread: Stopping because end time detected by thread: Ticket Readers 1-904
2026-07-27 11:27:41,517 INFO o.a.j.t.JMeterThread: Thread finished: Ticket Readers 1-904
2026-07-27 11:27:41,521 INFO o.a.j.t.JMeterThread: Stopping because end time detected by thread: Ticket Readers 1-912
2026-07-27 11:27:41,521 INFO o.a.j.t.JMeterThread: Thread finished: Ticket Readers 1-912
2026-07-27 11:27:41,522 INFO o.a.j.t.JMeterThread: Stopping because end time detected by thread: Ticket Readers 1-897
2026-07-27 11:27:41,522 INFO o.a.j.t.JMeterThread: Thread finished: Ticket Readers 1-897
2026-07-27 11:27:41,523 INFO o.a.j.t.JMeterThread: Stopping because end time detected by thread: Ticket Readers 1-913
2026-07-27 11:27:41,523 INFO o.a.j.t.JMeterThread: Thread finished: Ticket Readers 1-913
2026-07-27 11:27:41,523 INFO o.a.j.t.JMeterThread: Stopping because end time detected by thread: Ticket Readers 1-867
2026-07-27 11:27:41,523 INFO o.a.j.t.JMeterThread: Thread finished: Ticket Readers 1-867
2026-07-27 11:27:41,523 INFO o.a.j.t.JMeterThread: Stopping because end time detected by thread: Ticket Readers 1-880
2026-07-27 11:27:41,523 INFO o.a.j.t.JMeterThread: Thread finished: Ticket Readers 1-880
2026-07-27 11:27:41,523 INFO o.a.j.t.JMeterThread: Stopping because end time detected by thread: Ticket Readers 1-893
2026-07-27 11:27:41,524 INFO o.a.j.t.JMeterThread: Thread finished: Ticket Readers 1-893
2026-07-27 11:27:41,524 INFO o.a.j.t.JMeterThread: Stopping because end time detected by thread: Ticket Readers 1-871
2026-07-27 11:27:41,524 INFO o.a.j.t.JMeterThread: Thread finished: Ticket Readers 1-871
2026-07-27 11:27:41,524 INFO o.a.j.t.JMeterThread: Stopping because end time detected by thread: Ticket Readers 1-917
2026-07-27 11:27:41,524 INFO o.a.j.t.JMeterThread: Thread finished: Ticket Readers 1-917
2026-07-27 11:27:41,525 INFO o.a.j.t.JMeterThread: Stopping because end time detected by thread: Ticket Readers 1-902
2026-07-27 11:27:41,525 INFO o.a.j.t.JMeterThread: Thread finished: Ticket Readers 1-902
2026-07-27 11:27:41,527 INFO o.a.j.t.JMeterThread: Stopping because end time detected by thread: Ticket Readers 1-925
2026-07-27 11:27:41,527 INFO o.a.j.t.JMeterThread: Thread finished: Ticket Readers 1-925
2026-07-27 11:27:41,527 INFO o.a.j.t.JMeterThread: Stopping because end time detected by thread: Ticket Readers 1-881
2026-07-27 11:27:41,527 INFO o.a.j.t.JMeterThread: Thread finished: Ticket Readers 1-881
2026-07-27 11:27:41,528 INFO o.a.j.t.JMeterThread: Stopping because end time detected by thread: Ticket Readers 1-886
2026-07-27 11:27:41,528 INFO o.a.j.t.JMeterThread: Thread finished: Ticket Readers 1-886
2026-07-27 11:27:41,529 INFO o.a.j.t.JMeterThread: Stopping because end time detected by thread: Ticket Readers 1-922
2026-07-27 11:27:41,529 INFO o.a.j.t.JMeterThread: Stopping because end time detected by thread: Ticket Readers 1-916
2026-07-27 11:27:41,529 INFO o.a.j.t.JMeterThread: Thread finished: Ticket Readers 1-922
2026-07-27 11:27:41,529 INFO o.a.j.t.JMeterThread: Thread finished: Ticket Readers 1-916
2026-07-27 11:27:41,530 INFO o.a.j.t.JMeterThread: Stopping because end time detected by thread: Ticket Readers 1-933
2026-07-27 11:27:41,530 INFO o.a.j.t.JMeterThread: Thread finished: Ticket Readers 1-933
2026-07-27 11:27:41,531 INFO o.a.j.t.JMeterThread: Stopping because end time detected by thread: Ticket Readers 1-883
2026-07-27 11:27:41,531 INFO o.a.j.t.JMeterThread: Thread finished: Ticket Readers 1-883
2026-07-27 11:27:41,531 INFO o.a.j.t.JMeterThread: Stopping because end time detected by thread: Ticket Readers 1-934
2026-07-27 11:27:41,531 INFO o.a.j.t.JMeterThread: Thread finished: Ticket Readers 1-934
2026-07-27 11:27:41,531 INFO o.a.j.t.JMeterThread: Stopping because end time detected by thread: Ticket Readers 1-877
2026-07-27 11:27:41,531 INFO o.a.j.t.JMeterThread: Thread finished: Ticket Readers 1-877
2026-07-27 11:27:41,533 INFO o.a.j.t.JMeterThread: Stopping because end time detected by thread: Ticket Readers 1-899
2026-07-27 11:27:41,534 INFO o.a.j.t.JMeterThread: Thread finished: Ticket Readers 1-899
2026-07-27 11:27:41,534 INFO o.a.j.t.JMeterThread: Stopping because end time detected by thread: Ticket Readers 1-903
2026-07-27 11:27:41,534 INFO o.a.j.t.JMeterThread: Stopping because end time detected by thread: Ticket Readers 1-885
2026-07-27 11:27:41,534 INFO o.a.j.t.JMeterThread: Thread finished: Ticket Readers 1-885
2026-07-27 11:27:41,534 INFO o.a.j.t.JMeterThread: Thread finished: Ticket Readers 1-903
2026-07-27 11:27:41,535 INFO o.a.j.t.JMeterThread: Stopping because end time detected by thread: Ticket Readers 1-926
2026-07-27 11:27:41,535 INFO o.a.j.t.JMeterThread: Thread finished: Ticket Readers 1-926
2026-07-27 11:27:41,535 INFO o.a.j.t.JMeterThread: Stopping because end time detected by thread: Ticket Readers 1-895
2026-07-27 11:27:41,535 INFO o.a.j.t.JMeterThread: Thread finished: Ticket Readers 1-895
2026-07-27 11:27:41,535 INFO o.a.j.t.JMeterThread: Stopping because end time detected by thread: Ticket Readers 1-935
2026-07-27 11:27:41,535 INFO o.a.j.t.JMeterThread: Thread finished: Ticket Readers 1-935
2026-07-27 11:27:41,536 INFO o.a.j.t.JMeterThread: Stopping because end time detected by thread: Ticket Readers 1-928
2026-07-27 11:27:41,536 INFO o.a.j.t.JMeterThread: Stopping because end time detected by thread: Ticket Readers 1-927
2026-07-27 11:27:41,536 INFO o.a.j.t.JMeterThread: Thread finished: Ticket Readers 1-928
2026-07-27 11:27:41,536 INFO o.a.j.t.JMeterThread: Thread finished: Ticket Readers 1-927
2026-07-27 11:27:41,536 INFO o.a.j.t.JMeterThread: Stopping because end time detected by thread: Ticket Readers 1-875
2026-07-27 11:27:41,537 INFO o.a.j.t.JMeterThread: Thread finished: Ticket Readers 1-875
2026-07-27 11:27:41,537 INFO o.a.j.t.JMeterThread: Stopping because end time detected by thread: Ticket Readers 1-909
2026-07-27 11:27:41,537 INFO o.a.j.t.JMeterThread: Thread finished: Ticket Readers 1-909
2026-07-27 11:27:41,538 INFO o.a.j.t.JMeterThread: Stopping because end time detected by thread: Ticket Readers 1-918
2026-07-27 11:27:41,538 INFO o.a.j.t.JMeterThread: Thread finished: Ticket Readers 1-918
2026-07-27 11:27:41,538 INFO o.a.j.t.JMeterThread: Stopping because end time detected by thread: Ticket Readers 1-924
2026-07-27 11:27:41,538 INFO o.a.j.t.JMeterThread: Stopping because end time detected by thread: Ticket Readers 1-907
2026-07-27 11:27:41,538 INFO o.a.j.t.JMeterThread: Thread finished: Ticket Readers 1-924
2026-07-27 11:27:41,539 INFO o.a.j.t.JMeterThread: Thread finished: Ticket Readers 1-907
2026-07-27 11:27:41,541 INFO o.a.j.t.JMeterThread: Stopping because end time detected by thread: Ticket Readers 1-931
2026-07-27 11:27:41,541 INFO o.a.j.t.JMeterThread: Stopping because end time detected by thread: Ticket Readers 1-905
2026-07-27 11:27:41,541 INFO o.a.j.t.JMeterThread: Thread finished: Ticket Readers 1-905
2026-07-27 11:27:41,541 INFO o.a.j.t.JMeterThread: Thread finished: Ticket Readers 1-931
2026-07-27 11:27:41,543 INFO o.a.j.t.JMeterThread: Stopping because end time detected by thread: Ticket Readers 1-938
2026-07-27 11:27:41,543 INFO o.a.j.t.JMeterThread: Thread finished: Ticket Readers 1-938
2026-07-27 11:27:41,544 INFO o.a.j.t.JMeterThread: Stopping because end time detected by thread: Ticket Readers 1-884
2026-07-27 11:27:41,544 INFO o.a.j.t.JMeterThread: Thread finished: Ticket Readers 1-884
2026-07-27 11:27:41,546 INFO o.a.j.t.JMeterThread: Stopping because end time detected by thread: Ticket Readers 1-953
2026-07-27 11:27:41,546 INFO o.a.j.t.JMeterThread: Thread finished: Ticket Readers 1-953
2026-07-27 11:27:41,547 INFO o.a.j.t.JMeterThread: Stopping because end time detected by thread: Ticket Readers 1-936
2026-07-27 11:27:41,547 INFO o.a.j.t.JMeterThread: Thread finished: Ticket Readers 1-936
2026-07-27 11:27:41,547 INFO o.a.j.t.JMeterThread: Stopping because end time detected by thread: Ticket Readers 1-896
2026-07-27 11:27:41,547 INFO o.a.j.t.JMeterThread: Thread finished: Ticket Readers 1-896
2026-07-27 11:27:41,547 INFO o.a.j.t.JMeterThread: Stopping because end time detected by thread: Ticket Readers 1-915
2026-07-27 11:27:41,547 INFO o.a.j.t.JMeterThread: Stopping because end time detected by thread: Ticket Readers 1-914
2026-07-27 11:27:41,547 INFO o.a.j.t.JMeterThread: Thread finished: Ticket Readers 1-914
2026-07-27 11:27:41,547 INFO o.a.j.t.JMeterThread: Thread finished: Ticket Readers 1-915
2026-07-27 11:27:41,548 INFO o.a.j.t.JMeterThread: Stopping because end time detected by thread: Ticket Readers 1-894
2026-07-27 11:27:41,548 INFO o.a.j.t.JMeterThread: Thread finished: Ticket Readers 1-894
2026-07-27 11:27:41,548 INFO o.a.j.t.JMeterThread: Stopping because end time detected by thread: Ticket Readers 1-901
2026-07-27 11:27:41,548 INFO o.a.j.t.JMeterThread: Thread finished: Ticket Readers 1-901
2026-07-27 11:27:41,548 INFO o.a.j.t.JMeterThread: Stopping because end time detected by thread: Ticket Readers 1-910
2026-07-27 11:27:41,548 INFO o.a.j.t.JMeterThread: Thread finished: Ticket Readers 1-910
2026-07-27 11:27:41,548 INFO o.a.j.t.JMeterThread: Stopping because end time detected by thread: Ticket Readers 1-920
2026-07-27 11:27:41,548 INFO o.a.j.t.JMeterThread: Thread finished: Ticket Readers 1-920
2026-07-27 11:27:41,548 INFO o.a.j.t.JMeterThread: Stopping because end time detected by thread: Ticket Readers 1-890
2026-07-27 11:27:41,548 INFO o.a.j.t.JMeterThread: Stopping because end time detected by thread: Ticket Readers 1-892
2026-07-27 11:27:41,548 INFO o.a.j.t.JMeterThread: Stopping because end time detected by thread: Ticket Readers 1-889
2026-07-27 11:27:41,548 INFO o.a.j.t.JMeterThread: Thread finished: Ticket Readers 1-890
2026-07-27 11:27:41,549 INFO o.a.j.t.JMeterThread: Thread finished: Ticket Readers 1-892
2026-07-27 11:27:41,549 INFO o.a.j.t.JMeterThread: Thread finished: Ticket Readers 1-889
2026-07-27 11:27:41,549 INFO o.a.j.t.JMeterThread: Stopping because end time detected by thread: Ticket Readers 1-898
2026-07-27 11:27:41,549 INFO o.a.j.t.JMeterThread: Thread finished: Ticket Readers 1-898
2026-07-27 11:27:41,549 INFO o.a.j.t.JMeterThread: Stopping because end time detected by thread: Ticket Readers 1-940
2026-07-27 11:27:41,549 INFO o.a.j.t.JMeterThread: Thread finished: Ticket Readers 1-940
2026-07-27 11:27:41,550 INFO o.a.j.t.JMeterThread: Stopping because end time detected by thread: Ticket Readers 1-956
2026-07-27 11:27:41,550 INFO o.a.j.t.JMeterThread: Thread finished: Ticket Readers 1-956
2026-07-27 11:27:41,550 INFO o.a.j.t.JMeterThread: Stopping because end time detected by thread: Ticket Readers 1-911
2026-07-27 11:27:41,550 INFO o.a.j.t.JMeterThread: Thread finished: Ticket Readers 1-911
2026-07-27 11:27:41,551 INFO o.a.j.t.JMeterThread: Stopping because end time detected by thread: Ticket Readers 1-959
2026-07-27 11:27:41,551 INFO o.a.j.t.JMeterThread: Thread finished: Ticket Readers 1-959
2026-07-27 11:27:41,552 INFO o.a.j.t.JMeterThread: Stopping because end time detected by thread: Ticket Readers 1-964
2026-07-27 11:27:41,552 INFO o.a.j.t.JMeterThread: Stopping because end time detected by thread: Ticket Readers 1-929
2026-07-27 11:27:41,552 INFO o.a.j.t.JMeterThread: Thread finished: Ticket Readers 1-929
2026-07-27 11:27:41,552 INFO o.a.j.t.JMeterThread: Thread finished: Ticket Readers 1-964
2026-07-27 11:27:41,553 INFO o.a.j.t.JMeterThread: Stopping because end time detected by thread: Ticket Readers 1-963
2026-07-27 11:27:41,553 INFO o.a.j.t.JMeterThread: Thread finished: Ticket Readers 1-963
2026-07-27 11:27:41,554 INFO o.a.j.t.JMeterThread: Stopping because end time detected by thread: Ticket Readers 1-891
2026-07-27 11:27:41,554 INFO o.a.j.t.JMeterThread: Stopping because end time detected by thread: Ticket Readers 1-970
2026-07-27 11:27:41,554 INFO o.a.j.t.JMeterThread: Thread finished: Ticket Readers 1-970
2026-07-27 11:27:41,554 INFO o.a.j.t.JMeterThread: Thread finished: Ticket Readers 1-891
2026-07-27 11:27:41,554 INFO o.a.j.t.JMeterThread: Stopping because end time detected by thread: Ticket Readers 1-972
2026-07-27 11:27:41,554 INFO o.a.j.t.JMeterThread: Thread finished: Ticket Readers 1-972
2026-07-27 11:27:41,554 INFO o.a.j.t.JMeterThread: Stopping because end time detected by thread: Ticket Readers 1-969
2026-07-27 11:27:41,554 INFO o.a.j.t.JMeterThread: Thread finished: Ticket Readers 1-969
2026-07-27 11:27:41,556 INFO o.a.j.t.JMeterThread: Stopping because end time detected by thread: Ticket Readers 1-947
2026-07-27 11:27:41,556 INFO o.a.j.t.JMeterThread: Stopping because end time detected by thread: Ticket Readers 1-976
2026-07-27 11:27:41,556 INFO o.a.j.t.JMeterThread: Thread finished: Ticket Readers 1-976
2026-07-27 11:27:41,556 INFO o.a.j.t.JMeterThread: Thread finished: Ticket Readers 1-947
2026-07-27 11:27:41,556 INFO o.a.j.t.JMeterThread: Stopping because end time detected by thread: Ticket Readers 1-921
2026-07-27 11:27:41,556 INFO o.a.j.t.JMeterThread: Thread finished: Ticket Readers 1-921
2026-07-27 11:27:41,557 INFO o.a.j.t.JMeterThread: Stopping because end time detected by thread: Ticket Readers 1-932
2026-07-27 11:27:41,557 INFO o.a.j.t.JMeterThread: Thread finished: Ticket Readers 1-932
2026-07-27 11:27:41,558 INFO o.a.j.t.JMeterThread: Stopping because end time detected by thread: Ticket Readers 1-941
2026-07-27 11:27:41,558 INFO o.a.j.t.JMeterThread: Thread finished: Ticket Readers 1-941
2026-07-27 11:27:41,558 INFO o.a.j.t.JMeterThread: Stopping because end time detected by thread: Ticket Readers 1-908
2026-07-27 11:27:41,558 INFO o.a.j.t.JMeterThread: Stopping because end time detected by thread: Ticket Readers 1-962
2026-07-27 11:27:41,559 INFO o.a.j.t.JMeterThread: Thread finished: Ticket Readers 1-962
2026-07-27 11:27:41,558 INFO o.a.j.t.JMeterThread: Thread finished: Ticket Readers 1-908
2026-07-27 11:27:41,559 INFO o.a.j.t.JMeterThread: Stopping because end time detected by thread: Ticket Readers 1-980
2026-07-27 11:27:41,559 INFO o.a.j.t.JMeterThread: Thread finished: Ticket Readers 1-980
2026-07-27 11:27:41,559 INFO o.a.j.t.JMeterThread: Stopping because end time detected by thread: Ticket Readers 1-939
2026-07-27 11:27:41,559 INFO o.a.j.t.JMeterThread: Thread finished: Ticket Readers 1-939
2026-07-27 11:27:41,559 INFO o.a.j.t.JMeterThread: Stopping because end time detected by thread: Ticket Readers 1-919
2026-07-27 11:27:41,559 INFO o.a.j.t.JMeterThread: Thread finished: Ticket Readers 1-919
2026-07-27 11:27:41,560 INFO o.a.j.t.JMeterThread: Stopping because end time detected by thread: Ticket Readers 1-942
2026-07-27 11:27:41,560 INFO o.a.j.t.JMeterThread: Stopping because end time detected by thread: Ticket Readers 1-955
2026-07-27 11:27:41,560 INFO o.a.j.t.JMeterThread: Thread finished: Ticket Readers 1-955
2026-07-27 11:27:41,560 INFO o.a.j.t.JMeterThread: Thread finished: Ticket Readers 1-942
2026-07-27 11:27:41,560 INFO o.a.j.t.JMeterThread: Stopping because end time detected by thread: Ticket Readers 1-957
2026-07-27 11:27:41,560 INFO o.a.j.t.JMeterThread: Stopping because end time detected by thread: Ticket Readers 1-971
2026-07-27 11:27:41,560 INFO o.a.j.t.JMeterThread: Thread finished: Ticket Readers 1-971
2026-07-27 11:27:41,560 INFO o.a.j.t.JMeterThread: Thread finished: Ticket Readers 1-957
2026-07-27 11:27:41,561 INFO o.a.j.t.JMeterThread: Stopping because end time detected by thread: Ticket Readers 1-950
2026-07-27 11:27:41,561 INFO o.a.j.t.JMeterThread: Stopping because end time detected by thread: Ticket Readers 1-981
2026-07-27 11:27:41,561 INFO o.a.j.t.JMeterThread: Thread finished: Ticket Readers 1-981
2026-07-27 11:27:41,561 INFO o.a.j.t.JMeterThread: Stopping because end time detected by thread: Ticket Readers 1-973
2026-07-27 11:27:41,561 INFO o.a.j.t.JMeterThread: Thread finished: Ticket Readers 1-973
2026-07-27 11:27:41,561 INFO o.a.j.t.JMeterThread: Thread finished: Ticket Readers 1-950
2026-07-27 11:27:41,562 INFO o.a.j.t.JMeterThread: Stopping because end time detected by thread: Ticket Readers 1-949
2026-07-27 11:27:41,562 INFO o.a.j.t.JMeterThread: Thread finished: Ticket Readers 1-949
2026-07-27 11:27:41,562 INFO o.a.j.t.JMeterThread: Stopping because end time detected by thread: Ticket Readers 1-946
2026-07-27 11:27:41,562 INFO o.a.j.t.JMeterThread: Thread finished: Ticket Readers 1-946
2026-07-27 11:27:41,563 INFO o.a.j.t.JMeterThread: Stopping because end time detected by thread: Ticket Readers 1-982
2026-07-27 11:27:41,563 INFO o.a.j.t.JMeterThread: Thread finished: Ticket Readers 1-982
2026-07-27 11:27:41,563 INFO o.a.j.t.JMeterThread: Stopping because end time detected by thread: Ticket Readers 1-968
2026-07-27 11:27:41,563 INFO o.a.j.t.JMeterThread: Thread finished: Ticket Readers 1-968
2026-07-27 11:27:41,563 INFO o.a.j.t.JMeterThread: Stopping because end time detected by thread: Ticket Readers 1-958
2026-07-27 11:27:41,563 INFO o.a.j.t.JMeterThread: Stopping because end time detected by thread: Ticket Readers 1-923
2026-07-27 11:27:41,563 INFO o.a.j.t.JMeterThread: Stopping because end time detected by thread: Ticket Readers 1-952
2026-07-27 11:27:41,563 INFO o.a.j.t.JMeterThread: Stopping because end time detected by thread: Ticket Readers 1-930
2026-07-27 11:27:41,563 INFO o.a.j.t.JMeterThread: Thread finished: Ticket Readers 1-952
2026-07-27 11:27:41,563 INFO o.a.j.t.JMeterThread: Thread finished: Ticket Readers 1-958
2026-07-27 11:27:41,563 INFO o.a.j.t.JMeterThread: Thread finished: Ticket Readers 1-923
2026-07-27 11:27:41,563 INFO o.a.j.t.JMeterThread: Stopping because end time detected by thread: Ticket Readers 1-937
2026-07-27 11:27:41,563 INFO o.a.j.t.JMeterThread: Thread finished: Ticket Readers 1-937
2026-07-27 11:27:41,563 INFO o.a.j.t.JMeterThread: Thread finished: Ticket Readers 1-930
2026-07-27 11:27:41,564 INFO o.a.j.t.JMeterThread: Stopping because end time detected by thread: Ticket Readers 1-943
2026-07-27 11:27:41,564 INFO o.a.j.t.JMeterThread: Thread finished: Ticket Readers 1-943
2026-07-27 11:27:41,564 INFO o.a.j.t.JMeterThread: Stopping because end time detected by thread: Ticket Readers 1-954
2026-07-27 11:27:41,564 INFO o.a.j.t.JMeterThread: Thread finished: Ticket Readers 1-954
2026-07-27 11:27:41,565 INFO o.a.j.t.JMeterThread: Stopping because end time detected by thread: Ticket Readers 1-987
2026-07-27 11:27:41,565 INFO o.a.j.t.JMeterThread: Thread finished: Ticket Readers 1-987
2026-07-27 11:27:41,566 INFO o.a.j.t.JMeterThread: Stopping because end time detected by thread: Ticket Readers 1-944
2026-07-27 11:27:41,566 INFO o.a.j.t.JMeterThread: Thread finished: Ticket Readers 1-944
2026-07-27 11:27:41,566 INFO o.a.j.t.JMeterThread: Stopping because end time detected by thread: Ticket Readers 1-948
2026-07-27 11:27:41,566 INFO o.a.j.t.JMeterThread: Thread finished: Ticket Readers 1-948
2026-07-27 11:27:41,566 INFO o.a.j.t.JMeterThread: Stopping because end time detected by thread: Ticket Readers 1-967
2026-07-27 11:27:41,566 INFO o.a.j.t.JMeterThread: Thread finished: Ticket Readers 1-967
2026-07-27 11:27:41,566 INFO o.a.j.t.JMeterThread: Stopping because end time detected by thread: Ticket Readers 1-983
2026-07-27 11:27:41,566 INFO o.a.j.t.JMeterThread: Thread finished: Ticket Readers 1-983
2026-07-27 11:27:41,566 INFO o.a.j.t.JMeterThread: Stopping because end time detected by thread: Ticket Readers 1-951
2026-07-27 11:27:41,566 INFO o.a.j.t.JMeterThread: Thread finished: Ticket Readers 1-951
2026-07-27 11:27:41,567 INFO o.a.j.t.JMeterThread: Stopping because end time detected by thread: Ticket Readers 1-965
2026-07-27 11:27:41,567 INFO o.a.j.t.JMeterThread: Stopping because end time detected by thread: Ticket Readers 1-974
2026-07-27 11:27:41,567 INFO o.a.j.t.JMeterThread: Thread finished: Ticket Readers 1-965
2026-07-27 11:27:41,567 INFO o.a.j.t.JMeterThread: Thread finished: Ticket Readers 1-974
2026-07-27 11:27:41,567 INFO o.a.j.t.JMeterThread: Stopping because end time detected by thread: Ticket Readers 1-978
2026-07-27 11:27:41,568 INFO o.a.j.t.JMeterThread: Thread finished: Ticket Readers 1-978
2026-07-27 11:27:41,569 INFO o.a.j.t.JMeterThread: Stopping because end time detected by thread: Ticket Readers 1-979
2026-07-27 11:27:41,569 INFO o.a.j.t.JMeterThread: Thread finished: Ticket Readers 1-979
2026-07-27 11:27:41,569 INFO o.a.j.t.JMeterThread: Stopping because end time detected by thread: Ticket Readers 1-961
2026-07-27 11:27:41,570 INFO o.a.j.t.JMeterThread: Thread finished: Ticket Readers 1-961
2026-07-27 11:27:41,570 INFO o.a.j.t.JMeterThread: Stopping because end time detected by thread: Ticket Readers 1-960
2026-07-27 11:27:41,570 INFO o.a.j.t.JMeterThread: Thread finished: Ticket Readers 1-960
2026-07-27 11:27:41,570 INFO o.a.j.t.JMeterThread: Stopping because end time detected by thread: Ticket Readers 1-945
2026-07-27 11:27:41,570 INFO o.a.j.t.JMeterThread: Thread finished: Ticket Readers 1-945
2026-07-27 11:27:41,570 INFO o.a.j.t.JMeterThread: Stopping because end time detected by thread: Ticket Readers 1-986
2026-07-27 11:27:41,570 INFO o.a.j.t.JMeterThread: Thread finished: Ticket Readers 1-986
2026-07-27 11:27:41,570 INFO o.a.j.t.JMeterThread: Stopping because end time detected by thread: Ticket Readers 1-988
2026-07-27 11:27:41,570 INFO o.a.j.t.JMeterThread: Thread finished: Ticket Readers 1-988
2026-07-27 11:27:41,571 INFO o.a.j.t.JMeterThread: Stopping because end time detected by thread: Ticket Readers 1-985
2026-07-27 11:27:41,571 INFO o.a.j.t.JMeterThread: Thread finished: Ticket Readers 1-985
2026-07-27 11:27:41,572 INFO o.a.j.t.JMeterThread: Stopping because end time detected by thread: Ticket Readers 1-990
2026-07-27 11:27:41,572 INFO o.a.j.t.JMeterThread: Thread finished: Ticket Readers 1-990
2026-07-27 11:27:41,572 INFO o.a.j.t.JMeterThread: Stopping because end time detected by thread: Ticket Readers 1-966
2026-07-27 11:27:41,572 INFO o.a.j.t.JMeterThread: Thread finished: Ticket Readers 1-966
2026-07-27 11:27:41,573 INFO o.a.j.t.JMeterThread: Stopping because end time detected by thread: Ticket Readers 1-996
2026-07-27 11:27:41,573 INFO o.a.j.t.JMeterThread: Stopping because end time detected by thread: Ticket Readers 1-992
2026-07-27 11:27:41,573 INFO o.a.j.t.JMeterThread: Thread finished: Ticket Readers 1-996
2026-07-27 11:27:41,573 INFO o.a.j.t.JMeterThread: Stopping because end time detected by thread: Ticket Readers 1-977
2026-07-27 11:27:41,573 INFO o.a.j.t.JMeterThread: Thread finished: Ticket Readers 1-992
2026-07-27 11:27:41,573 INFO o.a.j.t.JMeterThread: Thread finished: Ticket Readers 1-977
2026-07-27 11:27:41,573 INFO o.a.j.t.JMeterThread: Stopping because end time detected by thread: Ticket Readers 1-975
2026-07-27 11:27:41,573 INFO o.a.j.t.JMeterThread: Thread finished: Ticket Readers 1-975
2026-07-27 11:27:41,574 INFO o.a.j.t.JMeterThread: Stopping because end time detected by thread: Ticket Readers 1-991
2026-07-27 11:27:41,575 INFO o.a.j.t.JMeterThread: Thread finished: Ticket Readers 1-991
2026-07-27 11:27:41,575 INFO o.a.j.t.JMeterThread: Stopping because end time detected by thread: Ticket Readers 1-984
2026-07-27 11:27:41,575 INFO o.a.j.t.JMeterThread: Thread finished: Ticket Readers 1-984
2026-07-27 11:27:41,575 INFO o.a.j.t.JMeterThread: Stopping because end time detected by thread: Ticket Readers 1-989
2026-07-27 11:27:41,575 INFO o.a.j.t.JMeterThread: Thread finished: Ticket Readers 1-989
2026-07-27 11:27:41,576 INFO o.a.j.t.JMeterThread: Stopping because end time detected by thread: Ticket Readers 1-993
2026-07-27 11:27:41,576 INFO o.a.j.t.JMeterThread: Thread finished: Ticket Readers 1-993
2026-07-27 11:27:41,576 INFO o.a.j.t.JMeterThread: Stopping because end time detected by thread: Ticket Readers 1-997
2026-07-27 11:27:41,576 INFO o.a.j.t.JMeterThread: Thread finished: Ticket Readers 1-997
2026-07-27 11:27:41,577 INFO o.a.j.t.JMeterThread: Stopping because end time detected by thread: Ticket Readers 1-994
2026-07-27 11:27:41,577 INFO o.a.j.t.JMeterThread: Stopping because end time detected by thread: Ticket Readers 1-995
2026-07-27 11:27:41,577 INFO o.a.j.t.JMeterThread: Thread finished: Ticket Readers 1-994
2026-07-27 11:27:41,577 INFO o.a.j.t.JMeterThread: Thread finished: Ticket Readers 1-995
2026-07-27 11:27:41,596 INFO o.a.j.t.JMeterThread: Stopping because end time detected by thread: Ticket Readers 1-1000
2026-07-27 11:27:41,596 INFO o.a.j.t.JMeterThread: Thread finished: Ticket Readers 1-1000
2026-07-27 11:27:41,596 INFO o.a.j.t.JMeterThread: Stopping because end time detected by thread: Ticket Readers 1-999
2026-07-27 11:27:41,596 INFO o.a.j.t.JMeterThread: Thread finished: Ticket Readers 1-999
2026-07-27 11:27:41,598 INFO o.a.j.t.JMeterThread: Stopping because end time detected by thread: Ticket Readers 1-998
2026-07-27 11:27:41,598 INFO o.a.j.t.JMeterThread: Thread finished: Ticket Readers 1-998
2026-07-27 11:27:41,598 INFO o.a.j.e.StandardJMeterEngine: Notifying test listeners of end of test
2026-07-27 11:27:41,600 INFO o.a.j.r.Summariser: summary +  25727 in 00:00:12 = 2218.4/s Avg:   410 Min:     5 Max:  2868 Err:     0 (0.00%) Active: 0 Started: 1000 Finished: 1000
2026-07-27 11:27:41,600 INFO o.a.j.r.Summariser: summary =  55259 in 00:00:31 = 1771.0/s Avg:   509 Min:     5 Max:  4730 Err:   411 (0.74%)
2026-07-27 11:27:41,602 INFO o.a.j.JMeter: Generating Dashboard
2026-07-27 11:27:41,602 INFO o.a.j.r.d.ReportGenerator: Flushing result collector before report Generation
2026-07-27 11:27:41,623 INFO o.a.j.r.p.NormalizerSampleConsumer: Using format, 'ms', to parse timeStamp field
2026-07-27 11:27:42,541 INFO o.a.j.r.p.AbstractSampleConsumer: class org.apache.jmeter.report.processor.AggregateConsumer#stopProducing(): beginDate produced 0 samples
2026-07-27 11:27:42,541 INFO o.a.j.r.p.AbstractSampleConsumer: class org.apache.jmeter.report.processor.AggregateConsumer#stopProducing(): endDate produced 0 samples
2026-07-27 11:27:42,543 INFO o.a.j.r.p.AbstractSampleConsumer: class org.apache.jmeter.report.processor.ApdexSummaryConsumer#stopProducing(): apdexSummary produced 0 samples
2026-07-27 11:27:42,543 INFO o.a.j.r.p.AbstractSampleConsumer: class org.apache.jmeter.report.processor.RequestsSummaryConsumer#stopProducing(): requestsSummary produced 0 samples
2026-07-27 11:27:42,550 INFO o.a.j.r.p.AbstractSampleConsumer: class org.apache.jmeter.report.processor.StatisticsSummaryConsumer#stopProducing(): statisticsSummary produced 0 samples
2026-07-27 11:27:42,551 INFO o.a.j.r.p.AbstractSampleConsumer: class org.apache.jmeter.report.processor.Top5ErrorsBySamplerConsumer#stopProducing(): top5ErrorsBySampler produced 0 samples
2026-07-27 11:27:42,551 INFO o.a.j.r.p.AbstractSampleConsumer: class org.apache.jmeter.report.processor.ErrorsSummaryConsumer#stopProducing(): errorsSummary produced 0 samples
2026-07-27 11:27:42,551 INFO o.a.j.r.p.AbstractSampleConsumer: class org.apache.jmeter.report.processor.graph.impl.HitsPerSecondGraphConsumer#stopProducing(): hitsPerSecond produced 0 samples
2026-07-27 11:27:42,748 INFO o.a.j.r.p.AbstractSampleConsumer: class org.apache.jmeter.report.processor.graph.impl.LatencyVSRequestGraphConsumer#stopProducing(): latencyVsRequest produced 0 samples
2026-07-27 11:27:42,750 INFO o.a.j.r.p.AbstractSampleConsumer: class org.apache.jmeter.report.processor.graph.impl.SyntheticResponseTimeDistributionGraphConsumer#stopProducing(): syntheticResponseTimeDistribution produced 0 samples
2026-07-27 11:27:42,750 INFO o.a.j.r.p.AbstractSampleConsumer: class org.apache.jmeter.report.processor.graph.impl.BytesThroughputGraphConsumer#stopProducing(): bytesThroughputOverTime produced 0 samples
2026-07-27 11:27:42,750 INFO o.a.j.r.p.AbstractSampleConsumer: class org.apache.jmeter.report.processor.graph.impl.CodesPerSecondGraphConsumer#stopProducing(): codesPerSecond produced 0 samples
2026-07-27 11:27:42,903 INFO o.a.j.r.p.AbstractSampleConsumer: class org.apache.jmeter.report.processor.graph.impl.ResponseTimeVSRequestGraphConsumer#stopProducing(): responseTimeVsRequest produced 0 samples
2026-07-27 11:27:42,905 INFO o.a.j.r.p.AbstractSampleConsumer: class org.apache.jmeter.report.processor.FilterConsumer#stopProducing(): startIntervalControlerFilter produced 386813 samples
2026-07-27 11:27:42,905 INFO o.a.j.r.p.AbstractSampleConsumer: class org.apache.jmeter.report.processor.graph.impl.TotalTPSGraphConsumer#stopProducing(): totalTPS produced 0 samples
2026-07-27 11:27:42,905 INFO o.a.j.r.p.AbstractSampleConsumer: class org.apache.jmeter.report.processor.graph.impl.ActiveThreadsGraphConsumer#stopProducing(): activeThreadsOverTime produced 0 samples
2026-07-27 11:27:42,905 INFO o.a.j.r.p.AbstractSampleConsumer: class org.apache.jmeter.report.processor.graph.impl.TimeVSThreadGraphConsumer#stopProducing(): timeVsThreads produced 0 samples
2026-07-27 11:27:42,905 INFO o.a.j.r.p.AbstractSampleConsumer: class org.apache.jmeter.report.processor.graph.impl.ResponseTimeDistributionGraphConsumer#stopProducing(): responseTimeDistribution produced 0 samples
2026-07-27 11:27:42,905 INFO o.a.j.r.p.AbstractSampleConsumer: class org.apache.jmeter.report.processor.graph.impl.TransactionsPerSecondGraphConsumer#stopProducing(): transactionsPerSecond produced 0 samples
2026-07-27 11:27:42,905 INFO o.a.j.r.p.AbstractSampleConsumer: class org.apache.jmeter.report.processor.graph.impl.ResponseTimePercentilesGraphConsumer#stopProducing(): responseTimePercentiles produced 0 samples
2026-07-27 11:27:42,908 INFO o.a.j.r.p.AbstractSampleConsumer: class org.apache.jmeter.report.processor.graph.impl.ResponseTimePercentilesOverTimeGraphConsumer#stopProducing(): responseTimePercentilesOverTime produced 0 samples
2026-07-27 11:27:42,908 INFO o.a.j.r.p.AbstractSampleConsumer: class org.apache.jmeter.report.processor.graph.impl.ResponseTimeOverTimeGraphConsumer#stopProducing(): responseTimesOverTime produced 0 samples
2026-07-27 11:27:42,908 INFO o.a.j.r.p.AbstractSampleConsumer: class org.apache.jmeter.report.processor.graph.impl.ConnectTimeOverTimeGraphConsumer#stopProducing(): connectTimeOverTime produced 0 samples
2026-07-27 11:27:42,908 INFO o.a.j.r.p.AbstractSampleConsumer: class org.apache.jmeter.report.processor.graph.impl.LatencyOverTimeGraphConsumer#stopProducing(): latenciesOverTime produced 0 samples
2026-07-27 11:27:42,908 INFO o.a.j.r.p.AbstractSampleConsumer: class org.apache.jmeter.report.processor.FilterConsumer#stopProducing(): nameFilter produced 828885 samples
2026-07-27 11:27:42,908 INFO o.a.j.r.p.AbstractSampleConsumer: class org.apache.jmeter.report.processor.FilterConsumer#stopProducing(): dateRangeFilter produced 165777 samples
2026-07-27 11:27:42,908 INFO o.a.j.r.p.AbstractSampleConsumer: class org.apache.jmeter.report.processor.NormalizerSampleConsumer#stopProducing(): normalizer produced 55259 samples
2026-07-27 11:27:42,909 INFO o.a.j.r.p.CsvFileSampleSource: produce(): 55259 samples produced in 1s 241 ms on channel 0
2026-07-27 11:27:42,909 INFO o.a.j.r.d.ReportGenerator: Exporting data using exporter:'json' of className:'org.apache.jmeter.report.dashboard.JsonExporter'
2026-07-27 11:27:42,950 INFO o.a.j.r.d.JsonExporter: Found data for consumer statisticsSummary in context
2026-07-27 11:27:42,950 INFO o.a.j.r.d.JsonExporter: Creating statistics for overall
2026-07-27 11:27:42,950 INFO o.a.j.r.d.JsonExporter: Creating statistics for other transactions
2026-07-27 11:27:42,951 INFO o.a.j.r.d.JsonExporter: Checking output folder
2026-07-27 11:27:42,951 INFO o.a.j.r.d.JsonExporter: Writing statistics JSON to /Users/lct0807/Workspaces/java/ticket-booking/report/statistics.json
2026-07-27 11:27:42,975 INFO o.a.j.r.d.ReportGenerator: Exporting data using exporter:'html' of className:'org.apache.jmeter.report.dashboard.HtmlTemplateExporter'
2026-07-27 11:27:42,976 INFO o.a.j.r.d.HtmlTemplateExporter: Will generate dashboard in folder: /Users/lct0807/Workspaces/java/ticket-booking/report
2026-07-27 11:27:43,027 INFO o.a.j.r.d.HtmlTemplateExporter: Report will be generated in: /Users/lct0807/Workspaces/java/ticket-booking/report, creating folder structure
2026-07-27 11:27:43,029 INFO o.a.j.r.d.TemplateVisitor: Copying folder from '/opt/homebrew/Cellar/jmeter/5.6.3/libexec/bin/report-template' to '/Users/lct0807/Workspaces/java/ticket-booking/report', got message: /Users/lct0807/Workspaces/java/ticket-booking/report, found non empty folder with following content [/Users/lct0807/Workspaces/java/ticket-booking/report/statistics.json], will be ignored
2026-07-27 11:27:43,175 INFO o.a.j.JMeter: Dashboard generated
